-- test province
insert into province(id,name) values(1,'安徽省');
insert into province(id,name) values(2,'澳门');
insert into province(id,name) values(3,'北京市');
insert into province(id,name) values(4,'重庆市');
insert into province(id,name) values(5,'福建省');
insert into province(id,name) values(6,'甘肃省');
insert into province(id,name) values(7,'广东省');
insert into province(id,name) values(8,'广西省');
insert into province(id,name) values(9,'贵州省');
insert into province(id,name) values(10,'海南省');
insert into province(id,name) values(11,'河北省');
insert into province(id,name) values(12,'河南省');
insert into province(id,name) values(13,'黑龙江省');
insert into province(id,name) values(14,'湖北省');
insert into province(id,name) values(15,'湖南省');
insert into province(id,name) values(16,'吉林省');
insert into province(id,name) values(17,'江苏省');
insert into province(id,name) values(18,'江西省');
insert into province(id,name) values(19,'辽宁省');
insert into province(id,name) values(20,'内蒙古');
insert into province(id,name) values(21,'宁夏省');
insert into province(id,name) values(22,'青海省');
insert into province(id,name) values(23,'山东省');
insert into province(id,name) values(24,'山西省');
insert into province(id,name) values(25,'陕西省');
insert into province(id,name) values(26,'上海市');
insert into province(id,name) values(27,'四川省');
insert into province(id,name) values(28,'天津市');
insert into province(id,name) values(29,'台湾省');
insert into province(id,name) values(30,'西藏自治区');
insert into province(id,name) values(31,'香港');
insert into province(id,name) values(32,'新疆省');
insert into province(id,name) values(33,'云南省');
insert into province(id,name) values(34,'浙江省');


-- test city


insert into city(id,name,province_id) values(1,'合肥市',1);
insert into city(id,name,province_id) values(2,'芜湖市',1);
insert into city(id,name,province_id) values(3,'蚌埠市',1);
insert into city(id,name,province_id) values(4,'铜陵市',1);
insert into city(id,name,province_id) values(5,'安庆市',1);
insert into city(id,name,province_id) values(6,'桐城市',1);
insert into city(id,name,province_id) values(7,'滁州市',1);
insert into city(id,name,province_id) values(8,'天长市',1);
insert into city(id,name,province_id) values(9,'淮北市',1);
insert into city(id,name,province_id) values(10,'淮南市',1);
insert into city(id,name,province_id) values(11,'明光市',1);
insert into city(id,name,province_id) values(12,'阜阳市',1);
insert into city(id,name,province_id) values(13,'马鞍山市',1);
insert into city(id,name,province_id) values(14,'界首市',1);
insert into city(id,name,province_id) values(15,'宿州市',1);
insert into city(id,name,province_id) values(16,'巢湖市',1);
insert into city(id,name,province_id) values(17,'六安市',1);
insert into city(id,name,province_id) values(18,'亳州市',1);
insert into city(id,name,province_id) values(19,'池州市',1);
insert into city(id,name,province_id) values(20,'宣城市',1);
insert into city(id,name,province_id) values(21,'宁国市',1);



insert into city(id,name,province_id) values(22,'花地玛堂区',2);
insert into city(id,name,province_id) values(23,'圣安多尼堂区',2);
insert into city(id,name,province_id) values(24,'大堂区',2);
insert into city(id,name,province_id) values(25,'望德堂区',2);
insert into city(id,name,province_id) values(26,'风顺堂区',2);



insert into city(id,name,province_id) values(27,'东城区',3);
insert into city(id,name,province_id) values(28,'西城区',3);
insert into city(id,name,province_id) values(29,'朝阳区',3);
insert into city(id,name,province_id) values(30,'崇文区',3);
insert into city(id,name,province_id) values(31,'海淀区',3);
insert into city(id,name,province_id) values(32,'宣武区',3);
insert into city(id,name,province_id) values(33,'石景山区',3);
insert into city(id,name,province_id) values(34,'门头沟区',3);
insert into city(id,name,province_id) values(35,'丰台区区',3);
insert into city(id,name,province_id) values(36,'房山区',3);
insert into city(id,name,province_id) values(37,'大兴区',3);
insert into city(id,name,province_id) values(38,'通州区',3);
insert into city(id,name,province_id) values(39,'顺义区',3);
insert into city(id,name,province_id) values(40,'平谷区',3);
insert into city(id,name,province_id) values(41,'昌平区',3);
insert into city(id,name,province_id) values(42,'怀柔区',3);
insert into city(id,name,province_id) values(43,'延庆区',3);
insert into city(id,name,province_id) values(44,'密云县',3);



insert into city(id,name,province_id) values(45,'万州区',4);
insert into city(id,name,province_id) values(46,'涪陵区',4);
insert into city(id,name,province_id) values(47,'涂中区',4);
insert into city(id,name,province_id) values(48,'大渡口区',4);
insert into city(id,name,province_id) values(49,'江北区',4);
insert into city(id,name,province_id) values(50,'沙坪坝区',4);
insert into city(id,name,province_id) values(51,'九龙坡区',4);
insert into city(id,name,province_id) values(52,'南岸区',4);
insert into city(id,name,province_id) values(53,'北碚区',4);
insert into city(id,name,province_id) values(54,'万盛区',4);
insert into city(id,name,province_id) values(55,'双桥区',4);
insert into city(id,name,province_id) values(56,'渝北区',4);
insert into city(id,name,province_id) values(57,'巴南区',4);
insert into city(id,name,province_id) values(58,'黔江区',4);
insert into city(id,name,province_id) values(59,'长寿区',4);
insert into city(id,name,province_id) values(60,'江津市',4);
insert into city(id,name,province_id) values(61,'合川市',4);
insert into city(id,name,province_id) values(62,'永州市',4);
insert into city(id,name,province_id) values(63,'南川市',4);
insert into city(id,name,province_id) values(64,'綦江县',4);
insert into city(id,name,province_id) values(65,'潼南县',4);
insert into city(id,name,province_id) values(66,'铜梁县',4);
insert into city(id,name,province_id) values(67,'大足县',4);
insert into city(id,name,province_id) values(68,'荣昌县',4);
insert into city(id,name,province_id) values(69,'璧山县',4);
insert into city(id,name,province_id) values(70,'梁平县',4);
insert into city(id,name,province_id) values(71,'城口县',4);
insert into city(id,name,province_id) values(72,'丰都县',4);
insert into city(id,name,province_id) values(73,'垫江县',4);
insert into city(id,name,province_id) values(74,'武隆县',4);
insert into city(id,name,province_id) values(75,'忠县',4);
insert into city(id,name,province_id) values(76,'开县',4);
insert into city(id,name,province_id) values(77,'云阳县',4);
insert into city(id,name,province_id) values(78,'奉节县',4);
insert into city(id,name,province_id) values(79,'巫山县',4);
insert into city(id,name,province_id) values(80,'巫溪县',4);
insert into city(id,name,province_id) values(81,'石柱县',4);
insert into city(id,name,province_id) values(82,'秀山县',4);
insert into city(id,name,province_id) values(83,'酉阳县',4);
insert into city(id,name,province_id) values(84,'彭水县',4);



insert into city(id,name,province_id) values(85,'福州市',5);
insert into city(id,name,province_id) values(86,'龙岩市',5);
insert into city(id,name,province_id) values(87,'南平市',5);
insert into city(id,name,province_id) values(88,'宁德市',5);
insert into city(id,name,province_id) values(89,'莆田市',5);
insert into city(id,name,province_id) values(90,'泉州市',5);
insert into city(id,name,province_id) values(91,'三明市',5);
insert into city(id,name,province_id) values(92,'厦门市',5);
insert into city(id,name,province_id) values(93,'漳州市',5);



insert into city(id,name,province_id) values(94,'兰州市',6);
insert into city(id,name,province_id) values(95,'白银市',6);
insert into city(id,name,province_id) values(96,'定西市',6);
insert into city(id,name,province_id) values(97,'合作市',6);
insert into city(id,name,province_id) values(98,'金昌市',6);
insert into city(id,name,province_id) values(99,'酒泉市',6);
insert into city(id,name,province_id) values(100,'嘉峪关市',6);
insert into city(id,name,province_id) values(101,'临夏市',6);
insert into city(id,name,province_id) values(102,'平凉市',6);
insert into city(id,name,province_id) values(103,'庆阳市',6);
insert into city(id,name,province_id) values(104,'天水市',6);
insert into city(id,name,province_id) values(105,'武都市',6);
insert into city(id,name,province_id) values(106,'武威市',6);
insert into city(id,name,province_id) values(107,'张掖市',6);



insert into city(id,name,province_id) values(108,'广州市',7);
insert into city(id,name,province_id) values(109,'潮州市',7);
insert into city(id,name,province_id) values(110,'东莞市',7);
insert into city(id,name,province_id) values(111,'佛山市',7);
insert into city(id,name,province_id) values(112,'河源市',7);
insert into city(id,name,province_id) values(113,'惠州市',7);
insert into city(id,name,province_id) values(114,'江门市',7);
insert into city(id,name,province_id) values(115,'揭阳市',7);
insert into city(id,name,province_id) values(116,'梅州市',7);
insert into city(id,name,province_id) values(117,'茂名市',7);
insert into city(id,name,province_id) values(118,'清远市',7);
insert into city(id,name,province_id) values(119,'深圳市',7);
insert into city(id,name,province_id) values(120,'汕头市',7);
insert into city(id,name,province_id) values(121,'韶关市',7);
insert into city(id,name,province_id) values(122,'汕尾市',7);
insert into city(id,name,province_id) values(123,'阳江市',7);
insert into city(id,name,province_id) values(124,'云浮市',7);
insert into city(id,name,province_id) values(125,'珠海市',7);
insert into city(id,name,province_id) values(126,'中山市',7);
insert into city(id,name,province_id) values(127,'湛江市',7);
insert into city(id,name,province_id) values(128,'肇庆市',7);



insert into city(id,name,province_id) values(129,'南宁市',8);
insert into city(id,name,province_id) values(130,'北海市',8);
insert into city(id,name,province_id) values(131,'白色市',8);
insert into city(id,name,province_id) values(132,'崇左市',8);
insert into city(id,name,province_id) values(133,'防城港市',8);
insert into city(id,name,province_id) values(134,'桂林市',8);
insert into city(id,name,province_id) values(135,'贵港市',8);
insert into city(id,name,province_id) values(136,'贺州市',8);
insert into city(id,name,province_id) values(137,'河池市',8);
insert into city(id,name,province_id) values(138,'柳州市',8);
insert into city(id,name,province_id) values(139,'来宾市',8);
insert into city(id,name,province_id) values(140,'钦州市',8);
insert into city(id,name,province_id) values(141,'梧州市',8);
insert into city(id,name,province_id) values(142,'玉林市',8);



insert into city(id,name,province_id) values(143,'贵阳市',9);
insert into city(id,name,province_id) values(144,'安顺市',9);
insert into city(id,name,province_id) values(145,'毕节市',9);
insert into city(id,name,province_id) values(146,'都匀市',9);
insert into city(id,name,province_id) values(147,'凯里市',9);
insert into city(id,name,province_id) values(148,'六盘水市',9);
insert into city(id,name,province_id) values(149,'晴隆市',9);
insert into city(id,name,province_id) values(150,'铜仁市',9);
insert into city(id,name,province_id) values(151,'兴义市',9);
insert into city(id,name,province_id) values(152,'遵义市',9);



insert into city(id,name,province_id) values(153,'海口市',10);
insert into city(id,name,province_id) values(154,'白沙市',10);
insert into city(id,name,province_id) values(155,'保亭市',10);
insert into city(id,name,province_id) values(156,'澄迈市',10);
insert into city(id,name,province_id) values(157,'昌江市',10);
insert into city(id,name,province_id) values(158,'儋州市',10);
insert into city(id,name,province_id) values(159,'定安市',10);
insert into city(id,name,province_id) values(160,'东方市',10);
insert into city(id,name,province_id) values(161,'临高市',10);
insert into city(id,name,province_id) values(162,'陵水市',10);
insert into city(id,name,province_id) values(163,'乐东市',10);
insert into city(id,name,province_id) values(164,'南沙岛市',10);
insert into city(id,name,province_id) values(165,'琼海市',10);
insert into city(id,name,province_id) values(166,'琼中市',10);
insert into city(id,name,province_id) values(167,'三亚市',10);
insert into city(id,name,province_id) values(168,'屯昌市',10);
insert into city(id,name,province_id) values(169,'五指山市',10);
insert into city(id,name,province_id) values(170,'文昌市',10);
insert into city(id,name,province_id) values(171,'万宁市',10);
insert into city(id,name,province_id) values(172,'西沙市',10);

insert into city(id,name,province_id) values(173,'石家庄',11);
insert into city(id,name,province_id) values(174,'保定市',11);
insert into city(id,name,province_id) values(175,'承德市',11);
insert into city(id,name,province_id) values(176,'沧州市',11);
insert into city(id,name,province_id) values(177,'衡水市',11);
insert into city(id,name,province_id) values(178,'邯郸市',11);
insert into city(id,name,province_id) values(179,'廊坊市',11);
insert into city(id,name,province_id) values(180,'秦皇岛',11);
insert into city(id,name,province_id) values(181,'唐山市',11);
insert into city(id,name,province_id) values(182,'邢台市',11);
insert into city(id,name,province_id) values(183,'张家口',11);

insert into city(id,name,province_id) values(184,'郑州市',12);
insert into city(id,name,province_id) values(185,'安阳市',12);
insert into city(id,name,province_id) values(186,'鹤壁市',12);
insert into city(id,name,province_id) values(187,'焦作市',12);
insert into city(id,name,province_id) values(188,'济源市',12);
insert into city(id,name,province_id) values(189,'开封市',12);
insert into city(id,name,province_id) values(190,'洛阳市',12);
insert into city(id,name,province_id) values(191,'漯河市',12);
insert into city(id,name,province_id) values(192,'南阳市',12);
insert into city(id,name,province_id) values(193,'濮阳市',12);
insert into city(id,name,province_id) values(194,'平顶山',12);
insert into city(id,name,province_id) values(195,'三门峡',12);
insert into city(id,name,province_id) values(196,'商丘市',12);
insert into city(id,name,province_id) values(197,'新乡市',12);
insert into city(id,name,province_id) values(198,'许昌市',12);
insert into city(id,name,province_id) values(199,'信阳市',12);
insert into city(id,name,province_id) values(200,'周口市',12);
insert into city(id,name,province_id) values(201,'驻马店',12);

insert into city(id,name,province_id) values(202,'哈尔滨',13);
insert into city(id,name,province_id) values(203,'大庆市',13);
insert into city(id,name,province_id) values(204,'大兴安岭',13);
insert into city(id,name,province_id) values(205,'鹤岗市',13);
insert into city(id,name,province_id) values(206,'黑河市',13);
insert into city(id,name,province_id) values(207,'佳木斯',13);
insert into city(id,name,province_id) values(208,'鸡西市',13);
insert into city(id,name,province_id) values(209,'牡丹江',13);
insert into city(id,name,province_id) values(210,'齐齐哈尔',13);
insert into city(id,name,province_id) values(211,'七台河',13);
insert into city(id,name,province_id) values(212,'双鸭山',13);
insert into city(id,name,province_id) values(213,'绥化市',13);
insert into city(id,name,province_id) values(214,'伊春市',13);

insert into city(id,name,province_id) values(215,'武汉市',14);
insert into city(id,name,province_id) values(216,'鄂州市',14);
insert into city(id,name,province_id) values(217,'恩施市',14);
insert into city(id,name,province_id) values(218,'黄石市',14);
insert into city(id,name,province_id) values(219,'黄冈市',14);
insert into city(id,name,province_id) values(220,'荆州市',14);
insert into city(id,name,province_id) values(221,'荆门市',14);
insert into city(id,name,province_id) values(222,'潜江市',14);
insert into city(id,name,province_id) values(223,'十堰市',14);
insert into city(id,name,province_id) values(224,'随州市',14);
insert into city(id,name,province_id) values(225,'神农架',14);
insert into city(id,name,province_id) values(226,'天门市',14);
insert into city(id,name,province_id) values(227,'襄阳市',14);
insert into city(id,name,province_id) values(228,'孝感市',14);
insert into city(id,name,province_id) values(229,'仙桃市',14);
insert into city(id,name,province_id) values(230,'宜昌市',14);

insert into city(id,name,province_id) values(231,'长沙市',15);
insert into city(id,name,province_id) values(232,'常德市',15);
insert into city(id,name,province_id) values(233,'郴州市',15);
insert into city(id,name,province_id) values(234,'衡阳市',15);
insert into city(id,name,province_id) values(235,'怀化市',15);
insert into city(id,name,province_id) values(236,'吉首市',15);
insert into city(id,name,province_id) values(237,'娄底市',15);
insert into city(id,name,province_id) values(238,'黔阳市',15);
insert into city(id,name,province_id) values(239,'卲阳市',15);
insert into city(id,name,province_id) values(240,'湘潭市',15);
insert into city(id,name,province_id) values(241,'岳阳市',15);
insert into city(id,name,province_id) values(242,'益阳市',15);
insert into city(id,name,province_id) values(243,'永州市',15);
insert into city(id,name,province_id) values(244,'株洲市',15);
insert into city(id,name,province_id) values(245,'张家界',15);

insert into city(id,name,province_id) values(246,'长春市',16);
insert into city(id,name,province_id) values(247,'白山市',16);
insert into city(id,name,province_id) values(248,'白城市',16);
insert into city(id,name,province_id) values(249,'吉林市',16);
insert into city(id,name,province_id) values(250,'辽源市',16);
insert into city(id,name,province_id) values(251,'四平市',16);
insert into city(id,name,province_id) values(252,'松原市',16);
insert into city(id,name,province_id) values(253,'通化市',16);
insert into city(id,name,province_id) values(254,'延吉市',16);

insert into city(id,name,province_id) values(255,'南京市',17);
insert into city(id,name,province_id) values(256,'常州市',17);
insert into city(id,name,province_id) values(257,'淮安市',17);
insert into city(id,name,province_id) values(258,'连云港',17);
insert into city(id,name,province_id) values(259,'南通市',17);
insert into city(id,name,province_id) values(260,'苏州市',17);
insert into city(id,name,province_id) values(261,'宿迁市',17);
insert into city(id,name,province_id) values(262,'秦州市',17);
insert into city(id,name,province_id) values(263,'无锡市',17);
insert into city(id,name,province_id) values(264,'徐州市',17);
insert into city(id,name,province_id) values(265,'盐城市',17);
insert into city(id,name,province_id) values(266,'扬州市',17);
insert into city(id,name,province_id) values(267,'镇江市',17);

insert into city(id,name,province_id) values(268,'南昌市',18);
insert into city(id,name,province_id) values(269,'抚州市',18);
insert into city(id,name,province_id) values(270,'赣州市',18);
insert into city(id,name,province_id) values(271,'九江市',18);
insert into city(id,name,province_id) values(272,'景德镇',18);
insert into city(id,name,province_id) values(273,'吉安市',18);
insert into city(id,name,province_id) values(274,'萍乡市',18);
insert into city(id,name,province_id) values(275,'上饶市',18);
insert into city(id,name,province_id) values(276,'新余市',18);
insert into city(id,name,province_id) values(277,'鹰潭市',18);
insert into city(id,name,province_id) values(278,'宜春市',18);

insert into city(id,name,province_id) values(279,'沈阳市',19);
insert into city(id,name,province_id) values(280,'鞍山市',19);
insert into city(id,name,province_id) values(281,'本溪市',19);
insert into city(id,name,province_id) values(282,'朝阳市',19);
insert into city(id,name,province_id) values(283,'大连市',19);
insert into city(id,name,province_id) values(284,'丹东市',19);
insert into city(id,name,province_id) values(285,'阜新市',19);
insert into city(id,name,province_id) values(286,'葫芦岛',19);
insert into city(id,name,province_id) values(287,'锦州市',19);
insert into city(id,name,province_id) values(288,'辽阳市',19);
insert into city(id,name,province_id) values(289,'盘锦市',19);
insert into city(id,name,province_id) values(290,'铁岭市',19);
insert into city(id,name,province_id) values(291,'营口市',19);

insert into city(id,name,province_id) values(292,'呼和浩特市',20);
insert into city(id,name,province_id) values(293,'阿拉善左旗',20);
insert into city(id,name,province_id) values(294,'包头市',20);
insert into city(id,name,province_id) values(295,'赤峰市',20);
insert into city(id,name,province_id) values(296,'鄂尔多斯',20);
insert into city(id,name,province_id) values(297,'呼伦贝尔',20);
insert into city(id,name,province_id) values(298,'集宁市',20);
insert into city(id,name,province_id) values(299,'临江市',20);
insert into city(id,name,province_id) values(300,'通辽市',20);
insert into city(id,name,province_id) values(301,'乌兰浩特',20);
insert into city(id,name,province_id) values(302,'乌梅市',20);
insert into city(id,name,province_id) values(303,'锡林浩特',20);

insert into city(id,name,province_id) values(304,'银川市',21);
insert into city(id,name,province_id) values(305,'固原市',21);
insert into city(id,name,province_id) values(306,'石嘴山',21);
insert into city(id,name,province_id) values(307,'吴忠市',21);
insert into city(id,name,province_id) values(308,'中卫市',21);

insert into city(id,name,province_id) values(309,'西宁市',22);
insert into city(id,name,province_id) values(310,'果洛市',22);
insert into city(id,name,province_id) values(311,'海东市',22);
insert into city(id,name,province_id) values(312,'海南市',22);
insert into city(id,name,province_id) values(313,'海北市',22);
insert into city(id,name,province_id) values(314,'海西市',22);
insert into city(id,name,province_id) values(315,'黄南市',22);
insert into city(id,name,province_id) values(316,'玉树市',22);

insert into city(id,name,province_id) values(317,'济南市',23);
insert into city(id,name,province_id) values(318,'滨州市',23);
insert into city(id,name,province_id) values(319,'东营市',23);
insert into city(id,name,province_id) values(320,'德州市',23);
insert into city(id,name,province_id) values(321,'菏泽市',23);
insert into city(id,name,province_id) values(322,'济宁市',23);
insert into city(id,name,province_id) values(323,'莱芜市',23);
insert into city(id,name,province_id) values(324,'临沂市',23);
insert into city(id,name,province_id) values(325,'聊城市',23);
insert into city(id,name,province_id) values(326,'青岛市',23);
insert into city(id,name,province_id) values(327,'日照市',23);
insert into city(id,name,province_id) values(328,'泰安市',23);
insert into city(id,name,province_id) values(329,'潍坊市',23);
insert into city(id,name,province_id) values(330,'威海市',23);
insert into city(id,name,province_id) values(331,'烟台市',23);
insert into city(id,name,province_id) values(332,'淄博市',23);
insert into city(id,name,province_id) values(333,'枣庄市',23);

insert into city(id,name,province_id) values(334,'太原市',24);
insert into city(id,name,province_id) values(335,'长治市',24);
insert into city(id,name,province_id) values(336,'大同市',24);
insert into city(id,name,province_id) values(337,'晋中市',24);
insert into city(id,name,province_id) values(338,'临汾市',24);
insert into city(id,name,province_id) values(339,'吕梁市',24);
insert into city(id,name,province_id) values(340,'朔州市',24);
insert into city(id,name,province_id) values(341,'忻州市',24);
insert into city(id,name,province_id) values(342,'阳泉市',24);
insert into city(id,name,province_id) values(343,'运城市',24);

insert into city(id,name,province_id) values(344,'西安市',25);
insert into city(id,name,province_id) values(345,'宝康市',25);
insert into city(id,name,province_id) values(346,'宝鸡市',25);
insert into city(id,name,province_id) values(347,'陈仓市',25);
insert into city(id,name,province_id) values(348,'汉中市',25);
insert into city(id,name,province_id) values(349,'商洛市',25);
insert into city(id,name,province_id) values(350,'铜州市',25);
insert into city(id,name,province_id) values(351,'渭南市',25);
insert into city(id,name,province_id) values(352,'咸阳市',25);
insert into city(id,name,province_id) values(353,'延安市',25);
insert into city(id,name,province_id) values(354,'榆林市',25);

insert into city(id,name,province_id) values(355,'浦东新区',26);
insert into city(id,name,province_id) values(356,'徐汇区',26);
insert into city(id,name,province_id) values(357,'普陀区',26);
insert into city(id,name,province_id) values(358,'闸北区',26);
insert into city(id,name,province_id) values(359,'虹口区',26);
insert into city(id,name,province_id) values(360,'杨浦区',26);
insert into city(id,name,province_id) values(361,'黄浦区',26);
insert into city(id,name,province_id) values(362,'卢湾区',26);
insert into city(id,name,province_id) values(363,'静安区',26);
insert into city(id,name,province_id) values(364,'宝山区',26);
insert into city(id,name,province_id) values(365,'闵行区',26);
insert into city(id,name,province_id) values(366,'嘉定区',26);
insert into city(id,name,province_id) values(367,'金山区',26);
insert into city(id,name,province_id) values(368,'松江区',26);
insert into city(id,name,province_id) values(369,'青浦区',26);
insert into city(id,name,province_id) values(370,'南汇区',26);
insert into city(id,name,province_id) values(371,'奉贤区',26);
insert into city(id,name,province_id) values(372,'崇明县',26);

insert into city(id,name,province_id) values(373,'成都市',27);
insert into city(id,name,province_id) values(374,'阿贝市',27);
insert into city(id,name,province_id) values(375,'巴中市',27);
insert into city(id,name,province_id) values(376,'德阳市',27);
insert into city(id,name,province_id) values(377,'达州市',27);
insert into city(id,name,province_id) values(378,'广元市',27);
insert into city(id,name,province_id) values(379,'广安市',27);
insert into city(id,name,province_id) values(380,'甘孜市',27);
insert into city(id,name,province_id) values(381,'泸州市',27);
insert into city(id,name,province_id) values(382,'乐山市',27);
insert into city(id,name,province_id) values(383,'凉山市',27);
insert into city(id,name,province_id) values(384,'绵阳市',27);
insert into city(id,name,province_id) values(385,'眉山市',27);
insert into city(id,name,province_id) values(386,'内江市',27);
insert into city(id,name,province_id) values(387,'南充市',27);
insert into city(id,name,province_id) values(388,'攀枝花',27);
insert into city(id,name,province_id) values(389,'遂宁市',27);
insert into city(id,name,province_id) values(390,'宜宾市',27);
insert into city(id,name,province_id) values(391,'雅安市',27);
insert into city(id,name,province_id) values(392,'自贡市',27);
insert into city(id,name,province_id) values(393,'资阳市',27);

insert into city(id,name,province_id) values(394,'和平区',28);
insert into city(id,name,province_id) values(395,'河西区',28);
insert into city(id,name,province_id) values(396,'河东区',28);
insert into city(id,name,province_id) values(397,'南开区',28);
insert into city(id,name,province_id) values(398,'红桥区',28);
insert into city(id,name,province_id) values(399,'河北区',28);
insert into city(id,name,province_id) values(400,'东丽区',28);
insert into city(id,name,province_id) values(401,'西青区',28);
insert into city(id,name,province_id) values(402,'津南区',28);
insert into city(id,name,province_id) values(403,'北辰区',28);
insert into city(id,name,province_id) values(404,'塘沽区',28);
insert into city(id,name,province_id) values(405,'大港区',28);
insert into city(id,name,province_id) values(406,'汉沽区',28);
insert into city(id,name,province_id) values(407,'宝坻区',28);
insert into city(id,name,province_id) values(408,'武清区',28);
insert into city(id,name,province_id) values(409,'蓟县',28);
insert into city(id,name,province_id) values(410,'宁河县',28);
insert into city(id,name,province_id) values(411,'静海县',28);

insert into city(id,name,province_id) values(412,'台北市',29);
insert into city(id,name,province_id) values(413,'高雄市',29);
insert into city(id,name,province_id) values(414,'基隆市',29);
insert into city(id,name,province_id) values(415,'新竹市',29);
insert into city(id,name,province_id) values(416,'台中市',29);
insert into city(id,name,province_id) values(417,'嘉义市',29);
insert into city(id,name,province_id) values(418,'台南市',29);
insert into city(id,name,province_id) values(419,'冝兰县',29);
insert into city(id,name,province_id) values(420,'台北县',29);
insert into city(id,name,province_id) values(421,'桃源县',29);
insert into city(id,name,province_id) values(422,'新竹县',29);
insert into city(id,name,province_id) values(423,'苗粟县',29);
insert into city(id,name,province_id) values(424,'台中县',29);
insert into city(id,name,province_id) values(425,'彰化县',29);
insert into city(id,name,province_id) values(426,'南投县',29);
insert into city(id,name,province_id) values(427,'云林县',29);
insert into city(id,name,province_id) values(428,'嘉义县',29);
insert into city(id,name,province_id) values(429,'台南县',29);
insert into city(id,name,province_id) values(430,'高雄县',29);
insert into city(id,name,province_id) values(431,'屏东县',29);
insert into city(id,name,province_id) values(432,'台东县',29);
insert into city(id,name,province_id) values(433,'花莲县',29);
insert into city(id,name,province_id) values(434,'澎湖县',29);

insert into city(id,name,province_id) values(435,'拉萨市',30);
insert into city(id,name,province_id) values(436,'阿里市',30);
insert into city(id,name,province_id) values(437,'昌都市',30);
insert into city(id,name,province_id) values(438,'林芝市',30);
insert into city(id,name,province_id) values(439,'那区市',30);
insert into city(id,name,province_id) values(440,'日喀则',30);
insert into city(id,name,province_id) values(441,'山南市',30);

insert into city(id,name,province_id) values(442,'中西区',31);
insert into city(id,name,province_id) values(443,'东区',31);
insert into city(id,name,province_id) values(444,'南区',31);
insert into city(id,name,province_id) values(445,'湾仔区',31);
insert into city(id,name,province_id) values(446,'九龙城区',31);
insert into city(id,name,province_id) values(447,'观塘区',31);
insert into city(id,name,province_id) values(448,'深水埗',31);
insert into city(id,name,province_id) values(449,'黄大仙区',31);
insert into city(id,name,province_id) values(450,'油尖旺区',31);
insert into city(id,name,province_id) values(451,'离岛区',31);
insert into city(id,name,province_id) values(452,'葵青区',31);
insert into city(id,name,province_id) values(453,'北区',31);
insert into city(id,name,province_id) values(454,'西贡区',31);
insert into city(id,name,province_id) values(455,'沙田区',31);
insert into city(id,name,province_id) values(456,'大浦区',31);
insert into city(id,name,province_id) values(457,'荃湾区',31);
insert into city(id,name,province_id) values(458,'屯门区',31);
insert into city(id,name,province_id) values(459,'元朗区',31);

insert into city(id,name,province_id) values(460,'乌鲁木齐',32);
insert into city(id,name,province_id) values(461,'阿克苏',32);
insert into city(id,name,province_id) values(462,'阿图什',32);
insert into city(id,name,province_id) values(463,'阿勒泰',32);
insert into city(id,name,province_id) values(464,'阿拉尔',32);
insert into city(id,name,province_id) values(465,'博乐市',32);
insert into city(id,name,province_id) values(466,'昌吉市',32);
insert into city(id,name,province_id) values(467,'哈密市',32);
insert into city(id,name,province_id) values(468,'和田市',32);
insert into city(id,name,province_id) values(469,'克拉玛依',32);
insert into city(id,name,province_id) values(470,'喀什市',32);
insert into city(id,name,province_id) values(471,'库尔勒',32);
insert into city(id,name,province_id) values(472,'石河子',32);
insert into city(id,name,province_id) values(473,'吐鲁番',32);
insert into city(id,name,province_id) values(474,'塔城市',32);
insert into city(id,name,province_id) values(475,'伊宁市',32);

insert into city(id,name,province_id) values(476,'昆明市',33);
insert into city(id,name,province_id) values(477,'保山市',33);
insert into city(id,name,province_id) values(478,'楚雄市',33);
insert into city(id,name,province_id) values(479,'大理市',33);
insert into city(id,name,province_id) values(480,'德宏市',33);
insert into city(id,name,province_id) values(481,'红河市',33);
insert into city(id,name,province_id) values(482,'景洪市',33);
insert into city(id,name,province_id) values(483,'丽江市',33);
insert into city(id,name,province_id) values(484,'临沧市',33);
insert into city(id,name,province_id) values(485,'怒江市',33);
insert into city(id,name,province_id) values(486,'曲靖市',33);
insert into city(id,name,province_id) values(487,'思茅市',33);
insert into city(id,name,province_id) values(488,'文山市',33);
insert into city(id,name,province_id) values(489,'香格里拉',33);
insert into city(id,name,province_id) values(490,'玉溪市',33);
insert into city(id,name,province_id) values(491,'昭通市',33);

insert into city(id,name,province_id) values(492,'杭州市',34);
insert into city(id,name,province_id) values(493,'湖州市',34);
insert into city(id,name,province_id) values(494,'嘉兴市',34);
insert into city(id,name,province_id) values(495,'金华市',34);
insert into city(id,name,province_id) values(496,'丽水市',34);
insert into city(id,name,province_id) values(497,'宁波市',34);
insert into city(id,name,province_id) values(498,'衢州市',34);
insert into city(id,name,province_id) values(499,'绍兴市',34);
insert into city(id,name,province_id) values(500,'台州市',34);
insert into city(id,name,province_id) values(501,'温州市',34);
insert into city(id,name,province_id) values(502,'舟山市',34);

-- test brand
insert into brand(id,name,activate,cover_img,created_time,href,show_on_index,show_time) values(1,'Thermo Fisher Scientific',1,'http://localhost:8000/2015/9/Thermo Fisher Scientific.jpg','2012-1-1','http://www.thermofisher.com/cn/zh/home.html',1,'2012-1-1');
insert into brand(id,name,activate,cover_img,created_time,href,show_on_index,show_time) values(2,'BIOMERIEUX',1,'http://localhost:8000/2015/9/BIOMERIEUX.jpg','2012-1-1','www.baidu.com',1,'2012-1-1');
insert into brand(id,name,activate,cover_img,created_time,href,show_on_index,show_time) values(3,'CDRC',1,'http://localhost:8000/2015/9/CDRC.jpg','2012-1-1','www.baidu.com',1,'2012-1-1');
insert into brand(id,name,activate,cover_img,created_time,href,show_on_index,show_time) values(4,'MERCK',1,'http://localhost:8000/2015/9/MERCK.jpg','2012-1-1','www.baidu.com',1,'2012-1-1');

-- test category
insert into category(id,name,parent_id,activate,created_Time,created_By,category_type)
values(1,'仪器',null,1,'2012-1-1','tom','pc');
insert into category(id,name,parent_id,activate,created_Time,created_By,category_type)
values(2,'试剂',null,1,'2012-1-1','tom','pc');
insert into category(id,name,parent_id,activate,created_Time,created_By,category_type)
values(3,'耗材',null,1,'2012-1-1','tom','pc');
insert into category(id,name,parent_id,activate,created_Time,created_By,category_type)
values(4,'服务',null,1,'2012-1-1','tom','pc');
insert into category(id,name,parent_id,activate,created_Time,created_By,category_type)
values(5,'资讯',null,1,'2012-1-1','tom','ic');
insert into category(id,name,parent_id,activate,created_Time,created_By,category_type)
values(6,'方案',null,1,'2012-1-1','tom','sc');
insert into category(id,name,category_type,activate,url) values(7,'行业要闻','ic',1,'HYYW');
insert into category(id,name,category_type,activate,url) values(8,'新品成果','ic',1,'XPCG');
insert into category(id,name,category_type,activate,url) values(9,'厂商动态','ic',1,'CSDT');
insert into category(id,name,parent_id,activate,created_Time,created_By,category_type)
values(11,'方案大类1',6,1,'2012-1-1','tom','sc');
insert into category(id,name,parent_id,activate,created_Time,created_By,category_type)
values(12,'方案大类2',6,1,'2012-1-1','tom','sc');
insert into category(id,name,parent_id,activate,created_Time,created_By,category_type)
values(20,'广告位1',null,1,'2012-1-1','tom','ac');

insert into category(id,name,parent_id,activate,created_Time,created_By,category_type)
values(30,'生物芯片',1,1,'2012-1-1','admin','pc');
insert into category(id,name,parent_id,activate,created_Time,created_By,category_type)
values(31,'芯片扫描仪',30,1,'2012-1-1','admin','pc');
insert into category(id,name,parent_id,activate,created_Time,created_By,category_type)
values(32,'芯片点样仪',30,1,'2012-1-1','admin','pc');
insert into category(id,name,parent_id,activate,created_Time,created_By,category_type)
values(33,'生物芯片系统',30,1,'2012-1-1','admin','pc');
insert into category(id,name,parent_id,activate,created_Time,created_By,category_type)
values(34,'生物芯片',30,1,'2012-1-1','admin','pc');
insert into category(id,name,parent_id,activate,created_Time,created_By,category_type)
values(35,'其它',30,1,'2012-1-1','admin','pc');

insert into category(id,name,parent_id,activate,created_Time,created_By,category_type)
values(36,'影像系统',1,1,'2012-1-1','admin','pc');
insert into category(id,name,parent_id,activate,created_Time,created_By,category_type)
values(37,'凝胶成像系统',36,1,'2012-1-1','admin','pc');
insert into category(id,name,parent_id,activate,created_Time,created_By,category_type)
values(38,'细胞成像系统',36,1,'2012-1-1','admin','pc');
insert into category(id,name,parent_id,activate,created_Time,created_By,category_type)
values(39,'活体成像系统',36,1,'2012-1-1','admin','pc');
insert into category(id,name,parent_id,activate,created_Time,created_By,category_type)
values(40,'专业影像系统',36,1,'2012-1-1','admin','pc');
insert into category(id,name,parent_id,activate,created_Time,created_By,category_type)
values(41,'其它',36,1,'2012-1-1','admin','pc');

insert into category(id,name,parent_id,activate,created_Time,created_By,category_type)
values(42,'测读系统',1,1,'2012-1-1','admin','pc');
insert into category(id,name,parent_id,activate,created_Time,created_By,category_type)
values(43,'酶标仪',42,1,'2012-1-1','admin','pc');
insert into category(id,name,parent_id,activate,created_Time,created_By,category_type)
values(44,'洗板机',42,1,'2012-1-1','admin','pc');
insert into category(id,name,parent_id,activate,created_Time,created_By,category_type)
values(45,'多功能筛选系统',42,1,'2012-1-1','admin','pc');
insert into category(id,name,parent_id,activate,created_Time,created_By,category_type)
values(46,'大型分析系统',42,1,'2012-1-1','admin','pc');
insert into category(id,name,parent_id,activate,created_Time,created_By,category_type)
values(47,'化学发光检测仪',42,1,'2012-1-1','admin','pc');
insert into category(id,name,parent_id,activate,created_Time,created_By,category_type)
values(48,'分光光度计',42,1,'2012-1-1','admin','pc');
insert into category(id,name,parent_id,activate,created_Time,created_By,category_type)
values(49,'其它',42,1,'2012-1-1','admin','pc');

insert into category(id,name,parent_id,activate,created_Time,created_By,category_type)
values(50,'光谱系统',1,1,'2012-1-1','admin','pc');
insert into category(id,name,parent_id,activate,created_Time,created_By,category_type)
values(51,'原子吸收光谱仪',50,1,'2012-1-1','admin','pc');
insert into category(id,name,parent_id,activate,created_Time,created_By,category_type)
values(52,'可见光光谱仪',50,1,'2012-1-1','admin','pc');
insert into category(id,name,parent_id,activate,created_Time,created_By,category_type)
values(53,'荧光光谱仪',50,1,'2012-1-1','admin','pc');
insert into category(id,name,parent_id,activate,created_Time,created_By,category_type)
values(54,'红外光谱仪',50,1,'2012-1-1','admin','pc');
insert into category(id,name,parent_id,activate,created_Time,created_By,category_type)
values(55,'近红外光谱仪',50,1,'2012-1-1','admin','pc');
insert into category(id,name,parent_id,activate,created_Time,created_By,category_type)
values(56,'LIBS光谱仪',50,1,'2012-1-1','admin','pc');
insert into category(id,name,parent_id,activate,created_Time,created_By,category_type)
values(57,'拉曼光谱仪',50,1,'2012-1-1','admin','pc');
insert into category(id,name,parent_id,activate,created_Time,created_By,category_type)
values(58,'紫外\可见\近红外光谱仪',50,1,'2012-1-1','admin','pc');
insert into category(id,name,parent_id,activate,created_Time,created_By,category_type)
values(59,'其它',50,1,'2012-1-1','admin','pc');

insert into category(id,name,parent_id,activate,created_Time,created_By,category_type)
values(60,'分子生物实验仪器',1,1,'2012-1-1','admin','pc');
insert into category(id,name,parent_id,activate,created_Time,created_By,category_type)
values(61,'电泳设备',60,1,'2012-1-1','admin','pc');
insert into category(id,name,parent_id,activate,created_Time,created_By,category_type)
values(62,'紫外设备',60,1,'2012-1-1','admin','pc');
insert into category(id,name,parent_id,activate,created_Time,created_By,category_type)
values(63,'普通PCR仪',60,1,'2012-1-1','admin','pc');
insert into category(id,name,parent_id,activate,created_Time,created_By,category_type)
values(64,'定量PCR仪',60,1,'2012-1-1','admin','pc');
insert into category(id,name,parent_id,activate,created_Time,created_By,category_type)
values(65,'数字PCR仪',60,1,'2012-1-1','admin','pc');
insert into category(id,name,parent_id,activate,created_Time,created_By,category_type)
values(66,'电穿孔\电融合',60,1,'2012-1-1','admin','pc');
insert into category(id,name,parent_id,activate,created_Time,created_By,category_type)
values(67,'电洗脱',60,1,'2012-1-1','admin','pc');
insert into category(id,name,parent_id,activate,created_Time,created_By,category_type)
values(68,'杂交\转印仪器',60,1,'2012-1-1','admin','pc');
insert into category(id,name,parent_id,activate,created_Time,created_By,category_type)
values(69,'杂交炉',60,1,'2012-1-1','admin','pc');
insert into category(id,name,parent_id,activate,created_Time,created_By,category_type)
values(70,'DNA\有机\多肽合成',60,1,'2012-1-1','admin','pc');
insert into category(id,name,parent_id,activate,created_Time,created_By,category_type)
values(71,'转基因仪',60,1,'2012-1-1','admin','pc');
insert into category(id,name,parent_id,activate,created_Time,created_By,category_type)
values(72,'其它',60,1,'2012-1-1','admin','pc');

insert into category(id,name,parent_id,activate,created_Time,created_By,category_type)
values(73,'显微系统',1,1,'2012-1-1','admin','pc');
insert into category(id,name,parent_id,activate,created_Time,created_By,category_type)
values(74,'倒置显微镜',73,1,'2012-1-1','admin','pc');
insert into category(id,name,parent_id,activate,created_Time,created_By,category_type)
values(75,'实体显微镜',73,1,'2012-1-1','admin','pc');
insert into category(id,name,parent_id,activate,created_Time,created_By,category_type)
values(76,'生物显微镜',73,1,'2012-1-1','admin','pc');
insert into category(id,name,parent_id,activate,created_Time,created_By,category_type)
values(77,'电子显微镜',73,1,'2012-1-1','admin','pc');
insert into category(id,name,parent_id,activate,created_Time,created_By,category_type)
values(78,'解剖显微镜',73,1,'2012-1-1','admin','pc');
insert into category(id,name,parent_id,activate,created_Time,created_By,category_type)
values(79,'体视显微镜',73,1,'2012-1-1','admin','pc');
insert into category(id,name,parent_id,activate,created_Time,created_By,category_type)
values(80,'扫描探针显微镜',73,1,'2012-1-1','admin','pc');
insert into category(id,name,parent_id,activate,created_Time,created_By,category_type)
values(81,'激光共聚焦显微镜',73,1,'2012-1-1','admin','pc');
insert into category(id,name,parent_id,activate,created_Time,created_By,category_type)
values(82,'金相显微镜',73,1,'2012-1-1','admin','pc');
insert into category(id,name,parent_id,activate,created_Time,created_By,category_type)
values(83,'原子力显微镜',73,1,'2012-1-1','admin','pc');
insert into category(id,name,parent_id,activate,created_Time,created_By,category_type)
values(84,'其它显微镜',73,1,'2012-1-1','admin','pc');
insert into category(id,name,parent_id,activate,created_Time,created_By,category_type)
values(85,'显微成像',73,1,'2012-1-1','admin','pc');
insert into category(id,name,parent_id,activate,created_Time,created_By,category_type)
values(86,'显微操纵',73,1,'2012-1-1','admin','pc');
insert into category(id,name,parent_id,activate,created_Time,created_By,category_type)
values(87,'显微操作辅助设备',73,1,'2012-1-1','admin','pc');
insert into category(id,name,parent_id,activate,created_Time,created_By,category_type)
values(88,'附件和滤光片',73,1,'2012-1-1','admin','pc');
insert into category(id,name,parent_id,activate,created_Time,created_By,category_type)
values(89,'其它',73,1,'2012-1-1','admin','pc');

insert into category(id,name,parent_id,activate,created_Time,created_By,category_type)
values(90,'色谱系统',1,1,'2012-1-1','admin','pc');
insert into category(id,name,parent_id,activate,created_Time,created_By,category_type)
values(91,'液相色谱系统',90,1,'2012-1-1','admin','pc');
insert into category(id,name,parent_id,activate,created_Time,created_By,category_type)
values(92,'制备液相色谱系统',90,1,'2012-1-1','admin','pc');
insert into category(id,name,parent_id,activate,created_Time,created_By,category_type)
values(93,'毛细管LC系统',90,1,'2012-1-1','admin','pc');
insert into category(id,name,parent_id,activate,created_Time,created_By,category_type)
values(94,'气相色谱系统',90,1,'2012-1-1','admin','pc');
insert into category(id,name,parent_id,activate,created_Time,created_By,category_type)
values(95,'离子色谱系统',90,1,'2012-1-1','admin','pc');
insert into category(id,name,parent_id,activate,created_Time,created_By,category_type)
values(96,'薄层色谱系统',90,1,'2012-1-1','admin','pc');
insert into category(id,name,parent_id,activate,created_Time,created_By,category_type)
values(97,'自动固相萃取系统',90,1,'2012-1-1','admin','pc');
insert into category(id,name,parent_id,activate,created_Time,created_By,category_type)
values(98,'联用色谱系统',90,1,'2012-1-1','admin','pc');
insert into category(id,name,parent_id,activate,created_Time,created_By,category_type)
values(99,'色谱系统检测器',90,1,'2012-1-1','admin','pc');
insert into category(id,name,parent_id,activate,created_Time,created_By,category_type)
values(100,'样品管理工具',90,1,'2012-1-1','admin','pc');
insert into category(id,name,parent_id,activate,created_Time,created_By,category_type)
values(101,'色谱系统附件',90,1,'2012-1-1','admin','pc');

insert into category(id,name,parent_id,activate,created_Time,created_By,category_type)
values(102,'质谱系统',1,1,'2012-1-1','admin','pc');
insert into category(id,name,parent_id,activate,created_Time,created_By,category_type)
values(103,'飞行质谱',102,1,'2012-1-1','admin','pc');
insert into category(id,name,parent_id,activate,created_Time,created_By,category_type)
values(104,'四极杆质谱',102,1,'2012-1-1','admin','pc');
insert into category(id,name,parent_id,activate,created_Time,created_By,category_type)
values(105,'离子阱质谱',102,1,'2012-1-1','admin','pc');
insert into category(id,name,parent_id,activate,created_Time,created_By,category_type)
values(106,'等离子质谱',102,1,'2012-1-1','admin','pc');
insert into category(id,name,parent_id,activate,created_Time,created_By,category_type)
values(107,'磁质谱',102,1,'2012-1-1','admin','pc');
insert into category(id,name,parent_id,activate,created_Time,created_By,category_type)
values(108,'傅立叶离子回旋变换质谱',102,1,'2012-1-1','admin','pc');
insert into category(id,name,parent_id,activate,created_Time,created_By,category_type)
values(109,'液质联用系统',102,1,'2012-1-1','admin','pc');
insert into category(id,name,parent_id,activate,created_Time,created_By,category_type)
values(110,'气质联用系统',102,1,'2012-1-1','admin','pc');
insert into category(id,name,parent_id,activate,created_Time,created_By,category_type)
values(111,'毛细管电泳\质谱联用系统',102,1,'2012-1-1','admin','pc');
insert into category(id,name,parent_id,activate,created_Time,created_By,category_type)
values(112,'杂交质谱',102,1,'2012-1-1','admin','pc');
insert into category(id,name,parent_id,activate,created_Time,created_By,category_type)
values(113,'质谱标准品',102,1,'2012-1-1','admin','pc');
insert into category(id,name,parent_id,activate,created_Time,created_By,category_type)
values(114,'其它',102,1,'2012-1-1','admin','pc');

insert into category(id,name,parent_id,activate,created_Time,created_By,category_type)
values(115,'实验室自动化',1,1,'2012-1-1','admin','pc');
insert into category(id,name,parent_id,activate,created_Time,created_By,category_type)
values(116,'微流体芯片技术',115,1,'2012-1-1','admin','pc');
insert into category(id,name,parent_id,activate,created_Time,created_By,category_type)
values(117,'氨基酸分析系统',115,1,'2012-1-1','admin','pc');
insert into category(id,name,parent_id,activate,created_Time,created_By,category_type)
values(118,'蛋白纯化系统',115,1,'2012-1-1','admin','pc');
insert into category(id,name,parent_id,activate,created_Time,created_By,category_type)
values(119,'蛋白质翻译系统',115,1,'2012-1-1','admin','pc');
insert into category(id,name,parent_id,activate,created_Time,created_By,category_type)
values(120,'全自动分液系统',115,1,'2012-1-1','admin','pc');
insert into category(id,name,parent_id,activate,created_Time,created_By,category_type)
values(121,'核酸提取纯化全',115,1,'2012-1-1','admin','pc');
insert into category(id,name,parent_id,activate,created_Time,created_By,category_type)
values(122,'自动微孔板处理系统',115,1,'2012-1-1','admin','pc');
insert into category(id,name,parent_id,activate,created_Time,created_By,category_type)
values(123,'全自动印迹分析系统',115,1,'2012-1-1','admin','pc');
insert into category(id,name,parent_id,activate,created_Time,created_By,category_type)
values(124,'全自动诊断系统',115,1,'2012-1-1','admin','pc');
insert into category(id,name,parent_id,activate,created_Time,created_By,category_type)
values(125,'全自动组织匀浆系统',115,1,'2012-1-1','admin','pc');
insert into category(id,name,parent_id,activate,created_Time,created_By,category_type)
values(126,'全自动血液采样系统',115,1,'2012-1-1','admin','pc');
insert into category(id,name,parent_id,activate,created_Time,created_By,category_type)
values(127,'全自动MALDI样品准备系统',115,1,'2012-1-1','admin','pc');
insert into category(id,name,parent_id,activate,created_Time,created_By,category_type)
values(128,'流式细胞样品准备系统',115,1,'2012-1-1','admin','pc');
insert into category(id,name,parent_id,activate,created_Time,created_By,category_type)
values(129,'全自动样品收集系统',115,1,'2012-1-1','admin','pc');
insert into category(id,name,parent_id,activate,created_Time,created_By,category_type)
values(130,'全自动样品跟踪系统',115,1,'2012-1-1','admin','pc');
insert into category(id,name,parent_id,activate,created_Time,created_By,category_type)
values(131,'其它',115,1,'2012-1-1','admin','pc');

insert into category(id,name,parent_id,activate,created_Time,created_By,category_type)
values(132,'基因组\蛋白组设备',1,1,'2012-1-1','admin','pc');
insert into category(id,name,parent_id,activate,created_Time,created_By,category_type)
values(133,'DNA测序仪',132,1,'2012-1-1','admin','pc');
insert into category(id,name,parent_id,activate,created_Time,created_By,category_type)
values(134,'全基因组测序仪',132,1,'2012-1-1','admin','pc');
insert into category(id,name,parent_id,activate,created_Time,created_By,category_type)
values(135,'基因分型系统',132,1,'2012-1-1','admin','pc');
insert into category(id,name,parent_id,activate,created_Time,created_By,category_type)
values(136,'双向电泳系统',132,1,'2012-1-1','admin','pc');
insert into category(id,name,parent_id,activate,created_Time,created_By,category_type)
values(137,'蛋白质分析系统',132,1,'2012-1-1','admin','pc');
insert into category(id,name,parent_id,activate,created_Time,created_By,category_type)
values(138,'多肽谱分析系统',132,1,'2012-1-1','admin','pc');
insert into category(id,name,parent_id,activate,created_Time,created_By,category_type)
values(139,'核磁共振NMR',132,1,'2012-1-1','admin','pc');
insert into category(id,name,parent_id,activate,created_Time,created_By,category_type)
values(140,'蛋白质纯化',132,1,'2012-1-1','admin','pc');
insert into category(id,name,parent_id,activate,created_Time,created_By,category_type)
values(141,'蛋白质斑点切取系统',132,1,'2012-1-1','admin','pc');
insert into category(id,name,parent_id,activate,created_Time,created_By,category_type)
values(142,'其它',132,1,'2012-1-1','admin','pc');

insert into category(id,name,parent_id,activate,created_Time,created_By,category_type)
values(143,'组织学设备',1,1,'2012-1-1','admin','pc');
insert into category(id,name,parent_id,activate,created_Time,created_By,category_type)
values(144,'组织处理',143,1,'2012-1-1','admin','pc');
insert into category(id,name,parent_id,activate,created_Time,created_By,category_type)
values(145,'组织染色',143,1,'2012-1-1','admin','pc');
insert into category(id,name,parent_id,activate,created_Time,created_By,category_type)
values(146,'组织包埋',143,1,'2012-1-1','admin','pc');
insert into category(id,name,parent_id,activate,created_Time,created_By,category_type)
values(147,'组织冷冻设备',143,1,'2012-1-1','admin','pc');
insert into category(id,name,parent_id,activate,created_Time,created_By,category_type)
values(148,'切片和解剖设备',143,1,'2012-1-1','admin','pc');
insert into category(id,name,parent_id,activate,created_Time,created_By,category_type)
values(149,'微波系统',143,1,'2012-1-1','admin','pc');
insert into category(id,name,parent_id,activate,created_Time,created_By,category_type)
values(150,'其它',143,1,'2012-1-1','admin','pc');

insert into category(id,name,parent_id,activate,created_Time,created_By,category_type)
values(151,'过滤装置',1,1,'2012-1-1','admin','pc');
insert into category(id,name,parent_id,activate,created_Time,created_By,category_type)
values(152,'超滤',143,1,'2012-1-1','admin','pc');
insert into category(id,name,parent_id,activate,created_Time,created_By,category_type)
values(153,'杯式过滤器',143,1,'2012-1-1','admin','pc');
insert into category(id,name,parent_id,activate,created_Time,created_By,category_type)
values(154,'离心式过滤器',143,1,'2012-1-1','admin','pc');
insert into category(id,name,parent_id,activate,created_Time,created_By,category_type)
values(155,'管式过滤器',143,1,'2012-1-1','admin','pc');
insert into category(id,name,parent_id,activate,created_Time,created_By,category_type)
values(156,'空气过滤器',143,1,'2012-1-1','admin','pc');
insert into category(id,name,parent_id,activate,created_Time,created_By,category_type)
values(157,'针头式过滤器',143,1,'2012-1-1','admin','pc');
insert into category(id,name,parent_id,activate,created_Time,created_By,category_type)
values(158,'全套过滤装置',143,1,'2012-1-1','admin','pc');
insert into category(id,name,parent_id,activate,created_Time,created_By,category_type)
values(159,'其它',143,1,'2012-1-1','admin','pc');

insert into category(id,name,parent_id,activate,created_Time,created_By,category_type)
values(160,'电化学仪器',1,1,'2012-1-1','admin','pc');
insert into category(id,name,parent_id,activate,created_Time,created_By,category_type)
values(161,'PH计',160,1,'2012-1-1','admin','pc');
insert into category(id,name,parent_id,activate,created_Time,created_By,category_type)
values(162,'电位滴定仪',160,1,'2012-1-1','admin','pc');
insert into category(id,name,parent_id,activate,created_Time,created_By,category_type)
values(163,'电导仪',160,1,'2012-1-1','admin','pc');
insert into category(id,name,parent_id,activate,created_Time,created_By,category_type)
values(164,'电化学工作站',160,1,'2012-1-1','admin','pc');
insert into category(id,name,parent_id,activate,created_Time,created_By,category_type)
values(165,'其它',160,1,'2012-1-1','admin','pc');

insert into category(id,name,parent_id,activate,created_Time,created_By,category_type)
values(166,'细胞培养仪器',1,1,'2012-1-1','admin','pc');
insert into category(id,name,parent_id,activate,created_Time,created_By,category_type)
values(167,'细胞培养系统',166,1,'2012-1-1','admin','pc');
insert into category(id,name,parent_id,activate,created_Time,created_By,category_type)
values(168,'进口发酵罐',166,1,'2012-1-1','admin','pc');
insert into category(id,name,parent_id,activate,created_Time,created_By,category_type)
values(169,'国产发酵罐',166,1,'2012-1-1','admin','pc');
insert into category(id,name,parent_id,activate,created_Time,created_By,category_type)
values(170,'细胞反应器',166,1,'2012-1-1','admin','pc');
insert into category(id,name,parent_id,activate,created_Time,created_By,category_type)
values(171,'细胞培养监测系统',166,1,'2012-1-1','admin','pc');
insert into category(id,name,parent_id,activate,created_Time,created_By,category_type)
values(172,'发酵罐附件',166,1,'2012-1-1','admin','pc');
insert into category(id,name,parent_id,activate,created_Time,created_By,category_type)
values(173,'发酵配套设备',166,1,'2012-1-1','admin','pc');
insert into category(id,name,parent_id,activate,created_Time,created_By,category_type)
values(174,'其它',166,1,'2012-1-1','admin','pc');

insert into category(id,name,parent_id,activate,created_Time,created_By,category_type)
values(175,'细胞分析仪器',1,1,'2012-1-1','admin','pc');
insert into category(id,name,parent_id,activate,created_Time,created_By,category_type)
values(176,'流式细胞仪',175,1,'2012-1-1','admin','pc');
insert into category(id,name,parent_id,activate,created_Time,created_By,category_type)
values(177,'细胞计数',175,1,'2012-1-1','admin','pc');
insert into category(id,name,parent_id,activate,created_Time,created_By,category_type)
values(178,'细胞分析系统',175,1,'2012-1-1','admin','pc');
insert into category(id,name,parent_id,activate,created_Time,created_By,category_type)
values(179,'荧光微球体',175,1,'2012-1-1','admin','pc');
insert into category(id,name,parent_id,activate,created_Time,created_By,category_type)
values(180,'微粒超声系统',175,1,'2012-1-1','admin','pc');
insert into category(id,name,parent_id,activate,created_Time,created_By,category_type)
values(181,'染色体倍性分析仪',175,1,'2012-1-1','admin','pc');
insert into category(id,name,parent_id,activate,created_Time,created_By,category_type)
values(182,'肿瘤细胞分析仪',175,1,'2012-1-1','admin','pc');
insert into category(id,name,parent_id,activate,created_Time,created_By,category_type)
values(183,'其它',175,1,'2012-1-1','admin','pc');

insert into category(id,name,parent_id,activate,created_Time,created_By,category_type)
values(184,'储存保存设备',1,1,'2012-1-1','admin','pc');
insert into category(id,name,parent_id,activate,created_Time,created_By,category_type)
values(185,'实验室冰箱',184,1,'2012-1-1','admin','pc');
insert into category(id,name,parent_id,activate,created_Time,created_By,category_type)
values(186,'低温冰箱',184,1,'2012-1-1','admin','pc');
insert into category(id,name,parent_id,activate,created_Time,created_By,category_type)
values(187,'冻存系统',184,1,'2012-1-1','admin','pc');
insert into category(id,name,parent_id,activate,created_Time,created_By,category_type)
values(188,'程序降温系统',184,1,'2012-1-1','admin','pc');
insert into category(id,name,parent_id,activate,created_Time,created_By,category_type)
values(189,'液氮容器',184,1,'2012-1-1','admin','pc');
insert into category(id,name,parent_id,activate,created_Time,created_By,category_type)
values(190,'实验冷柜',184,1,'2012-1-1','admin','pc');
insert into category(id,name,parent_id,activate,created_Time,created_By,category_type)
values(191,'干燥箱',184,1,'2012-1-1','admin','pc');
insert into category(id,name,parent_id,activate,created_Time,created_By,category_type)
values(192,'超低温保存箱',184,1,'2012-1-1','admin','pc');
insert into category(id,name,parent_id,activate,created_Time,created_By,category_type)
values(193,'恒温保存箱',184,1,'2012-1-1','admin','pc');
insert into category(id,name,parent_id,activate,created_Time,created_By,category_type)
values(194,'其它',184,1,'2012-1-1','admin','pc');

insert into category(id,name,parent_id,activate,created_Time,created_By,category_type)
values(195,'天平',1,1,'2012-1-1','admin','pc');
insert into category(id,name,parent_id,activate,created_Time,created_By,category_type)
values(196,'超微量称量',195,1,'2012-1-1','admin','pc');
insert into category(id,name,parent_id,activate,created_Time,created_By,category_type)
values(197,'分析天平',195,1,'2012-1-1','admin','pc');
insert into category(id,name,parent_id,activate,created_Time,created_By,category_type)
values(198,'精密天平',195,1,'2012-1-1','admin','pc');
insert into category(id,name,parent_id,activate,created_Time,created_By,category_type)
values(199,'电子天平',195,1,'2012-1-1','admin','pc');
insert into category(id,name,parent_id,activate,created_Time,created_By,category_type)
values(200,'物理天平',195,1,'2012-1-1','admin','pc');
insert into category(id,name,parent_id,activate,created_Time,created_By,category_type)
values(201,'附件',195,1,'2012-1-1','admin','pc');
insert into category(id,name,parent_id,activate,created_Time,created_By,category_type)
values(202,'其它',195,1,'2012-1-1','admin','pc');

insert into category(id,name,parent_id,activate,created_Time,created_By,category_type)
values(203,'同位素分析',1,1,'2012-1-1','admin','pc');
insert into category(id,name,parent_id,activate,created_Time,created_By,category_type)
values(204,'液闪仪',203,1,'2012-1-1','admin','pc');
insert into category(id,name,parent_id,activate,created_Time,created_By,category_type)
values(205,'γ计数器',203,1,'2012-1-1','admin','pc');
insert into category(id,name,parent_id,activate,created_Time,created_By,category_type)
values(206,'同位素影像',203,1,'2012-1-1','admin','pc');
insert into category(id,name,parent_id,activate,created_Time,created_By,category_type)
values(207,'发光检测',203,1,'2012-1-1','admin','pc');
insert into category(id,name,parent_id,activate,created_Time,created_By,category_type)
values(208,'同位素',203,1,'2012-1-1','admin','pc');
insert into category(id,name,parent_id,activate,created_Time,created_By,category_type)
values(209,'其它',203,1,'2012-1-1','admin','pc');

insert into category(id,name,parent_id,activate,created_Time,created_By,category_type)
values(210,'实验室箱体\摇床',1,1,'2012-1-1','admin','pc');
insert into category(id,name,parent_id,activate,created_Time,created_By,category_type)
values(211,'C02培养箱',210,1,'2012-1-1','admin','pc');
insert into category(id,name,parent_id,activate,created_Time,created_By,category_type)
values(212,'生化培养箱',210,1,'2012-1-1','admin','pc');
insert into category(id,name,parent_id,activate,created_Time,created_By,category_type)
values(213,'厌氧\好氧培养箱',210,1,'2012-1-1','admin','pc');
insert into category(id,name,parent_id,activate,created_Time,created_By,category_type)
values(214,'植物生长箱',210,1,'2012-1-1','admin','pc');
insert into category(id,name,parent_id,activate,created_Time,created_By,category_type)
values(215,'恒温\恒湿箱',210,1,'2012-1-1','admin','pc');
insert into category(id,name,parent_id,activate,created_Time,created_By,category_type)
values(216,'烘箱\干燥箱',210,1,'2012-1-1','admin','pc');
insert into category(id,name,parent_id,activate,created_Time,created_By,category_type)
values(217,'摇床',210,1,'2012-1-1','admin','pc');
insert into category(id,name,parent_id,activate,created_Time,created_By,category_type)
values(218,'脱色摇床',210,1,'2012-1-1','admin','pc');
insert into category(id,name,parent_id,activate,created_Time,created_By,category_type)
values(219,'其它',210,1,'2012-1-1','admin','pc');

insert into category(id,name,parent_id,activate,created_Time,created_By,category_type)
values(220,'实验室常用设备',1,1,'2012-1-1','admin','pc');
insert into category(id,name,parent_id,activate,created_Time,created_By,category_type)
values(221,'离心机',220,1,'2012-1-1','admin','pc');
insert into category(id,name,parent_id,activate,created_Time,created_By,category_type)
values(222,'纯水装置',220,1,'2012-1-1','admin','pc');
insert into category(id,name,parent_id,activate,created_Time,created_By,category_type)
values(223,'均质器',220,1,'2012-1-1','admin','pc');
insert into category(id,name,parent_id,activate,created_Time,created_By,category_type)
values(224,'水循环',220,1,'2012-1-1','admin','pc');
insert into category(id,name,parent_id,activate,created_Time,created_By,category_type)
values(225,'超声波清洗',220,1,'2012-1-1','admin','pc');
insert into category(id,name,parent_id,activate,created_Time,created_By,category_type)
values(226,'超声波提取',220,1,'2012-1-1','admin','pc');
insert into category(id,name,parent_id,activate,created_Time,created_By,category_type)
values(227,'细胞破碎',220,1,'2012-1-1','admin','pc');
insert into category(id,name,parent_id,activate,created_Time,created_By,category_type)
values(228,'恒温槽',220,1,'2012-1-1','admin','pc');
insert into category(id,name,parent_id,activate,created_Time,created_By,category_type)
values(229,'水浴\金属浴',220,1,'2012-1-1','admin','pc');
insert into category(id,name,parent_id,activate,created_Time,created_By,category_type)
values(230,'清洗器',220,1,'2012-1-1','admin','pc');
insert into category(id,name,parent_id,activate,created_Time,created_By,category_type)
values(231,'密度计',220,1,'2012-1-1','admin','pc');
insert into category(id,name,parent_id,activate,created_Time,created_By,category_type)
values(232,'真空泵',220,1,'2012-1-1','admin','pc');
insert into category(id,name,parent_id,activate,created_Time,created_By,category_type)
values(233,'各类泵',220,1,'2012-1-1','admin','pc');
insert into category(id,name,parent_id,activate,created_Time,created_By,category_type)
values(234,'旋涡振荡',220,1,'2012-1-1','admin','pc');
insert into category(id,name,parent_id,activate,created_Time,created_By,category_type)
values(235,'搅拌器',220,1,'2012-1-1','admin','pc');
insert into category(id,name,parent_id,activate,created_Time,created_By,category_type)
values(236,'粉碎设备',220,1,'2012-1-1','admin','pc');
insert into category(id,name,parent_id,activate,created_Time,created_By,category_type)
values(237,'气体发生器',220,1,'2012-1-1','admin','pc');
insert into category(id,name,parent_id,activate,created_Time,created_By,category_type)
values(238,'消毒\灭菌',220,1,'2012-1-1','admin','pc');
insert into category(id,name,parent_id,activate,created_Time,created_By,category_type)
values(239,'红外测温仪',220,1,'2012-1-1','admin','pc');
insert into category(id,name,parent_id,activate,created_Time,created_By,category_type)
values(240,'温度计',220,1,'2012-1-1','admin','pc');
insert into category(id,name,parent_id,activate,created_Time,created_By,category_type)
values(241,'实验炉',220,1,'2012-1-1','admin','pc');
insert into category(id,name,parent_id,activate,created_Time,created_By,category_type)
values(242,'冻干机',220,1,'2012-1-1','admin','pc');
insert into category(id,name,parent_id,activate,created_Time,created_By,category_type)
values(243,'离心浓缩',220,1,'2012-1-1','admin','pc');
insert into category(id,name,parent_id,activate,created_Time,created_By,category_type)
values(244,'蒸馏设备',220,1,'2012-1-1','admin','pc');
insert into category(id,name,parent_id,activate,created_Time,created_By,category_type)
values(245,'制冰机',220,1,'2012-1-1','admin','pc');
insert into category(id,name,parent_id,activate,created_Time,created_By,category_type)
values(246,'其它',220,1,'2012-1-1','admin','pc');

insert into category(id,name,parent_id,activate,created_Time,created_By,category_type)
values(247,'实验室安全设备',1,1,'2012-1-1','admin','pc');
insert into category(id,name,parent_id,activate,created_Time,created_By,category_type)
values(248,'生物安全柜',247,1,'2012-1-1','admin','pc');
insert into category(id,name,parent_id,activate,created_Time,created_By,category_type)
values(249,'层流通风柜',247,1,'2012-1-1','admin','pc');
insert into category(id,name,parent_id,activate,created_Time,created_By,category_type)
values(250,'动物用通风橱',247,1,'2012-1-1','admin','pc');
insert into category(id,name,parent_id,activate,created_Time,created_By,category_type)
values(251,'PCR工作台',247,1,'2012-1-1','admin','pc');
insert into category(id,name,parent_id,activate,created_Time,created_By,category_type)
values(252,'超净工作台',247,1,'2012-1-1','admin','pc');
insert into category(id,name,parent_id,activate,created_Time,created_By,category_type)
values(253,'实验人员防护',247,1,'2012-1-1','admin','pc');
insert into category(id,name,parent_id,activate,created_Time,created_By,category_type)
values(254,'P3实验室',247,1,'2012-1-1','admin','pc');
insert into category(id,name,parent_id,activate,created_Time,created_By,category_type)
values(255,'无尘洁净室',247,1,'2012-1-1','admin','pc');
insert into category(id,name,parent_id,activate,created_Time,created_By,category_type)
values(256,'其它',247,1,'2012-1-1','admin','pc');

insert into category(id,name,parent_id,activate,created_Time,created_By,category_type)
values(257,'药物检测仪器',1,1,'2012-1-1','admin','pc');
insert into category(id,name,parent_id,activate,created_Time,created_By,category_type)
values(258,'微生物检测',257,1,'2012-1-1','admin','pc');
insert into category(id,name,parent_id,activate,created_Time,created_By,category_type)
values(259,'溶出度仪',257,1,'2012-1-1','admin','pc');
insert into category(id,name,parent_id,activate,created_Time,created_By,category_type)
values(260,'脆碎度仪',257,1,'2012-1-1','admin','pc');
insert into category(id,name,parent_id,activate,created_Time,created_By,category_type)
values(261,'抑菌圈测量仪',257,1,'2012-1-1','admin','pc');
insert into category(id,name,parent_id,activate,created_Time,created_By,category_type)
values(262,'硬度仪',257,1,'2012-1-1','admin','pc');
insert into category(id,name,parent_id,activate,created_Time,created_By,category_type)
values(263,'外形测定仪',257,1,'2012-1-1','admin','pc');
insert into category(id,name,parent_id,activate,created_Time,created_By,category_type)
values(264,'性状测定仪',257,1,'2012-1-1','admin','pc');
insert into category(id,name,parent_id,activate,created_Time,created_By,category_type)
values(265,'澄明度检测仪',257,1,'2012-1-1','admin','pc');
insert into category(id,name,parent_id,activate,created_Time,created_By,category_type)
values(266,'药物稳定性试验箱',257,1,'2012-1-1','admin','pc');
insert into category(id,name,parent_id,activate,created_Time,created_By,category_type)
values(267,'筛分仪',257,1,'2012-1-1','admin','pc');
insert into category(id,name,parent_id,activate,created_Time,created_By,category_type)
values(268,'热解析仪',257,1,'2012-1-1','admin','pc');
insert into category(id,name,parent_id,activate,created_Time,created_By,category_type)
values(269,'其它',257,1,'2012-1-1','admin','pc');

insert into category(id,name,parent_id,activate,created_Time,created_By,category_type)
values(270,'物性测定仪器',1,1,'2012-1-1','admin','pc');
insert into category(id,name,parent_id,activate,created_Time,created_By,category_type)
values(271,'水分测定仪',270,1,'2012-1-1','admin','pc');
insert into category(id,name,parent_id,activate,created_Time,created_By,category_type)
values(272,'卡氏\库仑水分测定仪',270,1,'2012-1-1','admin','pc');
insert into category(id,name,parent_id,activate,created_Time,created_By,category_type)
values(273,'场流分离系统',270,1,'2012-1-1','admin','pc');
insert into category(id,name,parent_id,activate,created_Time,created_By,category_type)
values(274,'粒子形状分析仪',270,1,'2012-1-1','admin','pc');
insert into category(id,name,parent_id,activate,created_Time,created_By,category_type)
values(275,'孔分析仪',270,1,'2012-1-1','admin','pc');
insert into category(id,name,parent_id,activate,created_Time,created_By,category_type)
values(276,'表面物性测试仪',270,1,'2012-1-1','admin','pc');
insert into category(id,name,parent_id,activate,created_Time,created_By,category_type)
values(277,'热分析器',270,1,'2012-1-1','admin','pc');
insert into category(id,name,parent_id,activate,created_Time,created_By,category_type)
values(278,'物理光学仪器',270,1,'2012-1-1','admin','pc');
insert into category(id,name,parent_id,activate,created_Time,created_By,category_type)
values(279,'燃烧测定仪',270,1,'2012-1-1','admin','pc');
insert into category(id,name,parent_id,activate,created_Time,created_By,category_type)
values(280,'流变仪',270,1,'2012-1-1','admin','pc');
insert into category(id,name,parent_id,activate,created_Time,created_By,category_type)
values(281,'熔点仪',270,1,'2012-1-1','admin','pc');
insert into category(id,name,parent_id,activate,created_Time,created_By,category_type)
values(282,'其它',270,1,'2012-1-1','admin','pc');

insert into category(id,name,parent_id,activate,created_Time,created_By,category_type)
values(283,'样品处理\材料试验',1,1,'2012-1-1','admin','pc');
insert into category(id,name,parent_id,activate,created_Time,created_By,category_type)
values(284,'凯氏定氮仪',283,1,'2012-1-1','admin','pc');
insert into category(id,name,parent_id,activate,created_Time,created_By,category_type)
values(285,'微波消解',283,1,'2012-1-1','admin','pc');
insert into category(id,name,parent_id,activate,created_Time,created_By,category_type)
values(286,'萃取设备',283,1,'2012-1-1','admin','pc');
insert into category(id,name,parent_id,activate,created_Time,created_By,category_type)
values(287,'凝胶净化',283,1,'2012-1-1','admin','pc');
insert into category(id,name,parent_id,activate,created_Time,created_By,category_type)
values(288,'氮吹仪',283,1,'2012-1-1','admin','pc');
insert into category(id,name,parent_id,activate,created_Time,created_By,category_type)
values(289,'干燥机',283,1,'2012-1-1','admin','pc');
insert into category(id,name,parent_id,activate,created_Time,created_By,category_type)
values(290,'硬度计',283,1,'2012-1-1','admin','pc');
insert into category(id,name,parent_id,activate,created_Time,created_By,category_type)
values(291,'流动分析仪',283,1,'2012-1-1','admin','pc');
insert into category(id,name,parent_id,activate,created_Time,created_By,category_type)
values(292,'粒度仪',283,1,'2012-1-1','admin','pc');
insert into category(id,name,parent_id,activate,created_Time,created_By,category_type)
values(293,'筛分仪',283,1,'2012-1-1','admin','pc');
insert into category(id,name,parent_id,activate,created_Time,created_By,category_type)
values(294,'热解析仪',283,1,'2012-1-1','admin','pc');
insert into category(id,name,parent_id,activate,created_Time,created_By,category_type)
values(295,'试验机',283,1,'2012-1-1','admin','pc');
insert into category(id,name,parent_id,activate,created_Time,created_By,category_type)
values(296,'其它',283,1,'2012-1-1','admin','pc');

insert into category(id,name,parent_id,activate,created_Time,created_By,category_type)
values(297,'实验室家具',1,1,'2012-1-1','admin','pc');
insert into category(id,name,parent_id,activate,created_Time,created_By,category_type)
values(298,'实验台',297,1,'2012-1-1','admin','pc');
insert into category(id,name,parent_id,activate,created_Time,created_By,category_type)
values(299,'实验桌椅',297,1,'2012-1-1','admin','pc');
insert into category(id,name,parent_id,activate,created_Time,created_By,category_type)
values(300,'通风橱\柜',297,1,'2012-1-1','admin','pc');
insert into category(id,name,parent_id,activate,created_Time,created_By,category_type)
values(301,'整体实验室家具',297,1,'2012-1-1','admin','pc');
insert into category(id,name,parent_id,activate,created_Time,created_By,category_type)
values(302,'储物柜',297,1,'2012-1-1','admin','pc');
insert into category(id,name,parent_id,activate,created_Time,created_By,category_type)
values(303,'其它',297,1,'2012-1-1','admin','pc');

insert into category(id,name,parent_id,activate,created_Time,created_By,category_type)
values(304,'环境检测',1,1,'2012-1-1','admin','pc');
insert into category(id,name,parent_id,activate,created_Time,created_By,category_type)
values(305,'TOC测定仪',304,1,'2012-1-1','admin','pc');
insert into category(id,name,parent_id,activate,created_Time,created_By,category_type)
values(306,'BOD测定仪',304,1,'2012-1-1','admin','pc');
insert into category(id,name,parent_id,activate,created_Time,created_By,category_type)
values(307,'COD测定仪',304,1,'2012-1-1','admin','pc');
insert into category(id,name,parent_id,activate,created_Time,created_By,category_type)
values(308,'溶解氧测定仪',304,1,'2012-1-1','admin','pc');
insert into category(id,name,parent_id,activate,created_Time,created_By,category_type)
values(309,'其它水质检测仪器',304,1,'2012-1-1','admin','pc');
insert into category(id,name,parent_id,activate,created_Time,created_By,category_type)
values(310,'CO2分析仪',304,1,'2012-1-1','admin','pc');
insert into category(id,name,parent_id,activate,created_Time,created_By,category_type)
values(311,'甲醛检测仪',304,1,'2012-1-1','admin','pc');
insert into category(id,name,parent_id,activate,created_Time,created_By,category_type)
values(312,'测氨仪',304,1,'2012-1-1','admin','pc');
insert into category(id,name,parent_id,activate,created_Time,created_By,category_type)
values(313,'臭氧分析仪',304,1,'2012-1-1','admin','pc');
insert into category(id,name,parent_id,activate,created_Time,created_By,category_type)
values(314,'气体采样器',304,1,'2012-1-1','admin','pc');
insert into category(id,name,parent_id,activate,created_Time,created_By,category_type)
values(315,'其它气体检测仪器',304,1,'2012-1-1','admin','pc');
insert into category(id,name,parent_id,activate,created_Time,created_By,category_type)
values(316,'GC 便携',304,1,'2012-1-1','admin','pc');
insert into category(id,name,parent_id,activate,created_Time,created_By,category_type)
values(317,'辐射测量仪器',304,1,'2012-1-1','admin','pc');
insert into category(id,name,parent_id,activate,created_Time,created_By,category_type)
values(318,'微生物检测',304,1,'2012-1-1','admin','pc');
insert into category(id,name,parent_id,activate,created_Time,created_By,category_type)
values(319,'其它',304,1,'2012-1-1','admin','pc');

insert into category(id,name,parent_id,activate,created_Time,created_By,category_type)
values(320,'临床检验设备',1,1,'2012-1-1','admin','pc');
insert into category(id,name,parent_id,activate,created_Time,created_By,category_type)
values(321,'血液分析系统',320,1,'2012-1-1','admin','pc');
insert into category(id,name,parent_id,activate,created_Time,created_By,category_type)
values(322,'免疫分析系统',320,1,'2012-1-1','admin','pc');
insert into category(id,name,parent_id,activate,created_Time,created_By,category_type)
values(323,'尿液分析系统',320,1,'2012-1-1','admin','pc');
insert into category(id,name,parent_id,activate,created_Time,created_By,category_type)
values(324,'细菌分析系统',320,1,'2012-1-1','admin','pc');
insert into category(id,name,parent_id,activate,created_Time,created_By,category_type)
values(325,'血气分析系统',320,1,'2012-1-1','admin','pc');
insert into category(id,name,parent_id,activate,created_Time,created_By,category_type)
values(326,'生化分析系统',320,1,'2012-1-1','admin','pc');
insert into category(id,name,parent_id,activate,created_Time,created_By,category_type)
values(327,'其它',320,1,'2012-1-1','admin','pc');

insert into category(id,name,parent_id,activate,created_Time,created_By,category_type)
values(328,'神经生物学仪器',1,1,'2012-1-1','admin','pc');
insert into category(id,name,parent_id,activate,created_Time,created_By,category_type)
values(329,'动物功能检测设备',328,1,'2012-1-1','admin','pc');
insert into category(id,name,parent_id,activate,created_Time,created_By,category_type)
values(330,'动物处理设备',328,1,'2012-1-1','admin','pc');
insert into category(id,name,parent_id,activate,created_Time,created_By,category_type)
values(331,'细胞\组织支持系统',328,1,'2012-1-1','admin','pc');
insert into category(id,name,parent_id,activate,created_Time,created_By,category_type)
values(332,'膜片钳',328,1,'2012-1-1','admin','pc');
insert into category(id,name,parent_id,activate,created_Time,created_By,category_type)
values(333,'电生理设备',328,1,'2012-1-1','admin','pc');
insert into category(id,name,parent_id,activate,created_Time,created_By,category_type)
values(334,'多道药物灌流系统',328,1,'2012-1-1','admin','pc');
insert into category(id,name,parent_id,activate,created_Time,created_By,category_type)
values(335,'辅助设备',328,1,'2012-1-1','admin','pc');
insert into category(id,name,parent_id,activate,created_Time,created_By,category_type)
values(336,'外科手术设备',328,1,'2012-1-1','admin','pc');
insert into category(id,name,parent_id,activate,created_Time,created_By,category_type)
values(337,'其它',328,1,'2012-1-1','admin','pc');

insert into category(id,name,parent_id,activate,created_Time,created_By,category_type)
values(338,'植物生理\动物生理毒理\实验动物设备',1,1,'2012-1-1','admin','pc');
insert into category(id,name,parent_id,activate,created_Time,created_By,category_type)
values(339,'植物生理',338,1,'2012-1-1','admin','pc');
insert into category(id,name,parent_id,activate,created_Time,created_By,category_type)
values(340,'毒理学设备',338,1,'2012-1-1','admin','pc');
insert into category(id,name,parent_id,activate,created_Time,created_By,category_type)
values(341,'动物器具',338,1,'2012-1-1','admin','pc');
insert into category(id,name,parent_id,activate,created_Time,created_By,category_type)
values(342,'动物实验仪器',338,1,'2012-1-1','admin','pc');
insert into category(id,name,parent_id,activate,created_Time,created_By,category_type)
values(343,'其它',338,1,'2012-1-1','admin','pc');

insert into category(id,name,parent_id,activate,created_Time,created_By,category_type)
values(344,'生物化学',2,1,'2012-1-1','admin','pc');
insert into category(id,name,parent_id,activate,created_Time,created_By,category_type)
values(345,'抗生素 抗真菌素',344,1,'2012-1-1','admin','pc');
insert into category(id,name,parent_id,activate,created_Time,created_By,category_type)
values(346,'维生素',344,1,'2012-1-1','admin','pc');
insert into category(id,name,parent_id,activate,created_Time,created_By,category_type)
values(347,'氨基酸',344,1,'2012-1-1','admin','pc');
insert into category(id,name,parent_id,activate,created_Time,created_By,category_type)
values(348,'核苷酸',344,1,'2012-1-1','admin','pc');
insert into category(id,name,parent_id,activate,created_Time,created_By,category_type)
values(349,'脂',344,1,'2012-1-1','admin','pc');
insert into category(id,name,parent_id,activate,created_Time,created_By,category_type)
values(350,'糖类',344,1,'2012-1-1','admin','pc');
insert into category(id,name,parent_id,activate,created_Time,created_By,category_type)
values(351,'白三烯',344,1,'2012-1-1','admin','pc');
insert into category(id,name,parent_id,activate,created_Time,created_By,category_type)
values(352,'前列腺素',344,1,'2012-1-1','admin','pc');
insert into category(id,name,parent_id,activate,created_Time,created_By,category_type)
values(353,'药物结合物',344,1,'2012-1-1','admin','pc');
insert into category(id,name,parent_id,activate,created_Time,created_By,category_type)
values(354,'抗氧化剂',344,1,'2012-1-1','admin','pc');
insert into category(id,name,parent_id,activate,created_Time,created_By,category_type)
values(355,'药理活性化合物',344,1,'2012-1-1','admin','pc');
insert into category(id,name,parent_id,activate,created_Time,created_By,category_type)
values(356,'类固醇激素结合物',344,1,'2012-1-1','admin','pc');
insert into category(id,name,parent_id,activate,created_Time,created_By,category_type)
values(357,'半抗原反应',344,1,'2012-1-1','admin','pc');
insert into category(id,name,parent_id,activate,created_Time,created_By,category_type)
values(358,'半抗原载体结合物',344,1,'2012-1-1','admin','pc');
insert into category(id,name,parent_id,activate,created_Time,created_By,category_type)
values(359,'放射性核素',344,1,'2012-1-1','admin','pc');
insert into category(id,name,parent_id,activate,created_Time,created_By,category_type)
values(360,'血小板活化素',344,1,'2012-1-1','admin','pc');
insert into category(id,name,parent_id,activate,created_Time,created_By,category_type)
values(361,'tRNA',344,1,'2012-1-1','admin','pc');
insert into category(id,name,parent_id,activate,created_Time,created_By,category_type)
values(362,'活性染料和化合物',344,1,'2012-1-1','admin','pc');
insert into category(id,name,parent_id,activate,created_Time,created_By,category_type)
values(363,'亲和素 链霉亲和素',344,1,'2012-1-1','admin','pc');
insert into category(id,name,parent_id,activate,created_Time,created_By,category_type)
values(364,'基因组和分子生物学探针',344,1,'2012-1-1','admin','pc');
insert into category(id,name,parent_id,activate,created_Time,created_By,category_type)
values(365,'微生物学探针',344,1,'2012-1-1','admin','pc');
insert into category(id,name,parent_id,activate,created_Time,created_By,category_type)
values(366,'细胞生物学探针',344,1,'2012-1-1','admin','pc');
insert into category(id,name,parent_id,activate,created_Time,created_By,category_type)
values(367,'荧光染料和淬灭剂',344,1,'2012-1-1','admin','pc');
insert into category(id,name,parent_id,activate,created_Time,created_By,category_type)
values(368,'其它',344,1,'2012-1-1','admin','pc');

insert into category(id,name,parent_id,activate,created_Time,created_By,category_type)
values(369,'常用生化试剂',2,1,'2012-1-1','admin','pc');
insert into category(id,name,parent_id,activate,created_Time,created_By,category_type)
values(370,'EDTA',369,1,'2012-1-1','admin','pc');
insert into category(id,name,parent_id,activate,created_Time,created_By,category_type)
values(371,'DTT',369,1,'2012-1-1','admin','pc');
insert into category(id,name,parent_id,activate,created_Time,created_By,category_type)
values(372,'Tris',369,1,'2012-1-1','admin','pc');
insert into category(id,name,parent_id,activate,created_Time,created_By,category_type)
values(373,'SDS',369,1,'2012-1-1','admin','pc');
insert into category(id,name,parent_id,activate,created_Time,created_By,category_type)
values(374,'MOPS',369,1,'2012-1-1','admin','pc');
insert into category(id,name,parent_id,activate,created_Time,created_By,category_type)
values(375,'HEPES',369,1,'2012-1-1','admin','pc');
insert into category(id,name,parent_id,activate,created_Time,created_By,category_type)
values(376,'水',369,1,'2012-1-1','admin','pc');
insert into category(id,name,parent_id,activate,created_Time,created_By,category_type)
values(377,'分子生物学缓冲液',369,1,'2012-1-1','admin','pc');
insert into category(id,name,parent_id,activate,created_Time,created_By,category_type)
values(378,'蛋白生化缓冲液',369,1,'2012-1-1','admin','pc');
insert into category(id,name,parent_id,activate,created_Time,created_By,category_type)
values(379,'去垢剂',369,1,'2012-1-1','admin','pc');
insert into category(id,name,parent_id,activate,created_Time,created_By,category_type)
values(380,'染色试剂',369,1,'2012-1-1','admin','pc');
insert into category(id,name,parent_id,activate,created_Time,created_By,category_type)
values(381,'溶剂',369,1,'2012-1-1','admin','pc');
insert into category(id,name,parent_id,activate,created_Time,created_By,category_type)
values(382,'固定剂',369,1,'2012-1-1','admin','pc');
insert into category(id,name,parent_id,activate,created_Time,created_By,category_type)
values(383,'酸碱',369,1,'2012-1-1','admin','pc');
insert into category(id,name,parent_id,activate,created_Time,created_By,category_type)
values(384,'有机试剂',369,1,'2012-1-1','admin','pc');
insert into category(id,name,parent_id,activate,created_Time,created_By,category_type)
values(385,'化学试剂',369,1,'2012-1-1','admin','pc');
insert into category(id,name,parent_id,activate,created_Time,created_By,category_type)
values(386,'其它',369,1,'2012-1-1','admin','pc');

insert into category(id,name,parent_id,activate,created_Time,created_By,category_type)
values(387,'酶',2,1,'2012-1-1','admin','pc');
insert into category(id,name,parent_id,activate,created_Time,created_By,category_type)
values(388,'限制性内切酶',387,1,'2012-1-1','admin','pc');
insert into category(id,name,parent_id,activate,created_Time,created_By,category_type)
values(389,'蛋白酶',387,1,'2012-1-1','admin','pc');
insert into category(id,name,parent_id,activate,created_Time,created_By,category_type)
values(390,'核酸酶',387,1,'2012-1-1','admin','pc');
insert into category(id,name,parent_id,activate,created_Time,created_By,category_type)
values(391,'激酶',387,1,'2012-1-1','admin','pc');
insert into category(id,name,parent_id,activate,created_Time,created_By,category_type)
values(392,'聚合酶',387,1,'2012-1-1','admin','pc');
insert into category(id,name,parent_id,activate,created_Time,created_By,category_type)
values(393,'连接酶',387,1,'2012-1-1','admin','pc');
insert into category(id,name,parent_id,activate,created_Time,created_By,category_type)
values(394,'反转录酶',387,1,'2012-1-1','admin','pc');
insert into category(id,name,parent_id,activate,created_Time,created_By,category_type)
values(395,'磷酸酶',387,1,'2012-1-1','admin','pc');
insert into category(id,name,parent_id,activate,created_Time,created_By,category_type)
values(396,'酯酶',387,1,'2012-1-1','admin','pc');
insert into category(id,name,parent_id,activate,created_Time,created_By,category_type)
values(397,'氧化酶',387,1,'2012-1-1','admin','pc');
insert into category(id,name,parent_id,activate,created_Time,created_By,category_type)
values(398,'还原酶',387,1,'2012-1-1','admin','pc');
insert into category(id,name,parent_id,activate,created_Time,created_By,category_type)
values(399,'脱氨酶',387,1,'2012-1-1','admin','pc');
insert into category(id,name,parent_id,activate,created_Time,created_By,category_type)
values(400,'脱氢酶',387,1,'2012-1-1','admin','pc');
insert into category(id,name,parent_id,activate,created_Time,created_By,category_type)
values(401,'转氨酶',387,1,'2012-1-1','admin','pc');
insert into category(id,name,parent_id,activate,created_Time,created_By,category_type)
values(402,'转移酶',387,1,'2012-1-1','admin','pc');
insert into category(id,name,parent_id,activate,created_Time,created_By,category_type)
values(403,'拓扑异构酶',387,1,'2012-1-1','admin','pc');
insert into category(id,name,parent_id,activate,created_Time,created_By,category_type)
values(404,'标记移除酶',387,1,'2012-1-1','admin','pc');
insert into category(id,name,parent_id,activate,created_Time,created_By,category_type)
values(405,'糖酵解酶',387,1,'2012-1-1','admin','pc');
insert into category(id,name,parent_id,activate,created_Time,created_By,category_type)
values(406,'批量酶和蛋白产品',387,1,'2012-1-1','admin','pc');
insert into category(id,name,parent_id,activate,created_Time,created_By,category_type)
values(407,'其它酶',387,1,'2012-1-1','admin','pc');

insert into category(id,name,parent_id,activate,created_Time,created_By,category_type)
values(408,'蛋白质\抗原\多肽',2,1,'2012-1-1','admin','pc');
insert into category(id,name,parent_id,activate,created_Time,created_By,category_type)
values(409,'免疫球蛋白',408,1,'2012-1-1','admin','pc');
insert into category(id,name,parent_id,activate,created_Time,created_By,category_type)
values(410,'封闭肽',408,1,'2012-1-1','admin','pc');
insert into category(id,name,parent_id,activate,created_Time,created_By,category_type)
values(411,'人蛋白和抗原',408,1,'2012-1-1','admin','pc');
insert into category(id,name,parent_id,activate,created_Time,created_By,category_type)
values(412,'小鼠蛋白和抗原',408,1,'2012-1-1','admin','pc');
insert into category(id,name,parent_id,activate,created_Time,created_By,category_type)
values(413,'细菌蛋白和抗原',408,1,'2012-1-1','admin','pc');
insert into category(id,name,parent_id,activate,created_Time,created_By,category_type)
values(414,'病毒蛋白和抗原',408,1,'2012-1-1','admin','pc');
insert into category(id,name,parent_id,activate,created_Time,created_By,category_type)
values(415,'植物蛋白和抗原',408,1,'2012-1-1','admin','pc');
insert into category(id,name,parent_id,activate,created_Time,created_By,category_type)
values(416,'其它蛋白和抗原',408,1,'2012-1-1','admin','pc');
insert into category(id,name,parent_id,activate,created_Time,created_By,category_type)
values(417,'细胞质蛋白',408,1,'2012-1-1','admin','pc');
insert into category(id,name,parent_id,activate,created_Time,created_By,category_type)
values(418,'总蛋白',408,1,'2012-1-1','admin','pc');
insert into category(id,name,parent_id,activate,created_Time,created_By,category_type)
values(419,'膜蛋白',408,1,'2012-1-1','admin','pc');
insert into category(id,name,parent_id,activate,created_Time,created_By,category_type)
values(420,'核蛋白',408,1,'2012-1-1','admin','pc');
insert into category(id,name,parent_id,activate,created_Time,created_By,category_type)
values(421,'线粒体蛋白',408,1,'2012-1-1','admin','pc');
insert into category(id,name,parent_id,activate,created_Time,created_By,category_type)
values(422,'细胞裂解和提取物',408,1,'2012-1-1','admin','pc');
insert into category(id,name,parent_id,activate,created_Time,created_By,category_type)
values(423,'其它',408,1,'2012-1-1','admin','pc');

insert into category(id,name,parent_id,activate,created_Time,created_By,category_type)
values(424,'cDNA及合成纯化',2,1,'2012-1-1','admin','pc');
insert into category(id,name,parent_id,activate,created_Time,created_By,category_type)
values(425,'cDNA成品',424,1,'2012-1-1','admin','pc');
insert into category(id,name,parent_id,activate,created_Time,created_By,category_type)
values(426,'RNA成品',424,1,'2012-1-1','admin','pc');
insert into category(id,name,parent_id,activate,created_Time,created_By,category_type)
values(427,'cDNA合成',424,1,'2012-1-1','admin','pc');
insert into category(id,name,parent_id,activate,created_Time,created_By,category_type)
values(428,'cDNA纯化',424,1,'2012-1-1','admin','pc');
insert into category(id,name,parent_id,activate,created_Time,created_By,category_type)
values(429,'RACE试剂盒',424,1,'2012-1-1','admin','pc');
insert into category(id,name,parent_id,activate,created_Time,created_By,category_type)
values(430,'SAGE试剂盒',424,1,'2012-1-1','admin','pc');
insert into category(id,name,parent_id,activate,created_Time,created_By,category_type)
values(431,'其它cDNA相关',424,1,'2012-1-1','admin','pc');

insert into category(id,name,parent_id,activate,created_Time,created_By,category_type)
values(432,'PCR\RT_PCR',2,1,'2012-1-1','admin','pc');
insert into category(id,name,parent_id,activate,created_Time,created_By,category_type)
values(433,'PCR引物',432,1,'2012-1-1','admin','pc');
insert into category(id,name,parent_id,activate,created_Time,created_By,category_type)
values(434,'PCR试剂',432,1,'2012-1-1','admin','pc');
insert into category(id,name,parent_id,activate,created_Time,created_By,category_type)
values(435,'PCR对照',432,1,'2012-1-1','admin','pc');
insert into category(id,name,parent_id,activate,created_Time,created_By,category_type)
values(436,'特异性PCR试剂盒',432,1,'2012-1-1','admin','pc');
insert into category(id,name,parent_id,activate,created_Time,created_By,category_type)
values(437,'PCR克隆试剂盒',432,1,'2012-1-1','admin','pc');
insert into category(id,name,parent_id,activate,created_Time,created_By,category_type)
values(438,'RT_PCR试剂',432,1,'2012-1-1','admin','pc');
insert into category(id,name,parent_id,activate,created_Time,created_By,category_type)
values(439,'定量PCR试剂',432,1,'2012-1-1','admin','pc');
insert into category(id,name,parent_id,activate,created_Time,created_By,category_type)
values(440,'其它',432,1,'2012-1-1','admin','pc');

insert into category(id,name,parent_id,activate,created_Time,created_By,category_type)
values(441,'载体及构建',2,1,'2012-1-1','admin','pc');
insert into category(id,name,parent_id,activate,created_Time,created_By,category_type)
values(442,'PCR克隆载体',441,1,'2012-1-1','admin','pc');
insert into category(id,name,parent_id,activate,created_Time,created_By,category_type)
values(443,'M13克隆载体',441,1,'2012-1-1','admin','pc');
insert into category(id,name,parent_id,activate,created_Time,created_By,category_type)
values(444,'细菌克隆载体',441,1,'2012-1-1','admin','pc');
insert into category(id,name,parent_id,activate,created_Time,created_By,category_type)
values(445,'病毒克隆载体',441,1,'2012-1-1','admin','pc');
insert into category(id,name,parent_id,activate,created_Time,created_By,category_type)
values(446,'穿梭克隆载体',441,1,'2012-1-1','admin','pc');
insert into category(id,name,parent_id,activate,created_Time,created_By,category_type)
values(447,'细菌人工染色体',441,1,'2012-1-1','admin','pc');
insert into category(id,name,parent_id,activate,created_Time,created_By,category_type)
values(448,'细菌表达载体',441,1,'2012-1-1','admin','pc');
insert into category(id,name,parent_id,activate,created_Time,created_By,category_type)
values(449,'真核表达载体',441,1,'2012-1-1','admin','pc');
insert into category(id,name,parent_id,activate,created_Time,created_By,category_type)
values(450,'昆虫细胞载体',441,1,'2012-1-1','admin','pc');
insert into category(id,name,parent_id,activate,created_Time,created_By,category_type)
values(451,'酵母表达载体',441,1,'2012-1-1','admin','pc');
insert into category(id,name,parent_id,activate,created_Time,created_By,category_type)
values(452,'体外表达载体',441,1,'2012-1-1','admin','pc');
insert into category(id,name,parent_id,activate,created_Time,created_By,category_type)
values(453,'荧光蛋白载体',441,1,'2012-1-1','admin','pc');
insert into category(id,name,parent_id,activate,created_Time,created_By,category_type)
values(454,'双杂交载体',441,1,'2012-1-1','admin','pc');
insert into category(id,name,parent_id,activate,created_Time,created_By,category_type)
values(455,'信号转导载体',441,1,'2012-1-1','admin','pc');
insert into category(id,name,parent_id,activate,created_Time,created_By,category_type)
values(456,'siRNA表达载体',441,1,'2012-1-1','admin','pc');
insert into category(id,name,parent_id,activate,created_Time,created_By,category_type)
values(457,'热休克载体',441,1,'2012-1-1','admin','pc');
insert into category(id,name,parent_id,activate,created_Time,created_By,category_type)
values(458,'报告基因载体',441,1,'2012-1-1','admin','pc');
insert into category(id,name,parent_id,activate,created_Time,created_By,category_type)
values(459,'亚细胞定位载体',441,1,'2012-1-1','admin','pc');
insert into category(id,name,parent_id,activate,created_Time,created_By,category_type)
values(460,'转座子构建载体',441,1,'2012-1-1','admin','pc');
insert into category(id,name,parent_id,activate,created_Time,created_By,category_type)
values(461,'噬菌体展示载体',441,1,'2012-1-1','admin','pc');
insert into category(id,name,parent_id,activate,created_Time,created_By,category_type)
values(462,'特异性载体',441,1,'2012-1-1','admin','pc');
insert into category(id,name,parent_id,activate,created_Time,created_By,category_type)
values(463,'启动子元件',441,1,'2012-1-1','admin','pc');
insert into category(id,name,parent_id,activate,created_Time,created_By,category_type)
values(464,'Adapter_Linker',441,1,'2012-1-1','admin','pc');
insert into category(id,name,parent_id,activate,created_Time,created_By,category_type)
values(465,'载体构建试剂',441,1,'2012-1-1','admin','pc');
insert into category(id,name,parent_id,activate,created_Time,created_By,category_type)
values(466,'其它',441,1,'2012-1-1','admin','pc');

insert into category(id,name,parent_id,activate,created_Time,created_By,category_type)
values(467,'文库及构建',2,1,'2012-1-1','admin','pc');
insert into category(id,name,parent_id,activate,created_Time,created_By,category_type)
values(468,'cDNA文库',467,1,'2012-1-1','admin','pc');
insert into category(id,name,parent_id,activate,created_Time,created_By,category_type)
values(469,'基因组文库',467,1,'2012-1-1','admin','pc');
insert into category(id,name,parent_id,activate,created_Time,created_By,category_type)
values(470,'噬菌体展示文库',467,1,'2012-1-1','admin','pc');
insert into category(id,name,parent_id,activate,created_Time,created_By,category_type)
values(471,'双杂交cDNA文库',467,1,'2012-1-1','admin','pc');
insert into category(id,name,parent_id,activate,created_Time,created_By,category_type)
values(472,'基因组DNA',467,1,'2012-1-1','admin','pc');
insert into category(id,name,parent_id,activate,created_Time,created_By,category_type)
values(473,'基因组DNA扩增',467,1,'2012-1-1','admin','pc');
insert into category(id,name,parent_id,activate,created_Time,created_By,category_type)
values(474,'RNA扩增',467,1,'2012-1-1','admin','pc');
insert into category(id,name,parent_id,activate,created_Time,created_By,category_type)
values(475,'文库构建试剂',467,1,'2012-1-1','admin','pc');
insert into category(id,name,parent_id,activate,created_Time,created_By,category_type)
values(476,'Lambda载体切除',467,1,'2012-1-1','admin','pc');
insert into category(id,name,parent_id,activate,created_Time,created_By,category_type)
values(477,'肽展示系统',467,1,'2012-1-1','admin','pc');
insert into category(id,name,parent_id,activate,created_Time,created_By,category_type)
values(478,'单杂交系统',467,1,'2012-1-1','admin','pc');
insert into category(id,name,parent_id,activate,created_Time,created_By,category_type)
values(479,'双杂交系统',467,1,'2012-1-1','admin','pc');
insert into category(id,name,parent_id,activate,created_Time,created_By,category_type)
values(480,'其它',467,1,'2012-1-1','admin','pc');

insert into category(id,name,parent_id,activate,created_Time,created_By,category_type)
values(481,'核酸纯化',2,1,'2012-1-1','admin','pc');
insert into category(id,name,parent_id,activate,created_Time,created_By,category_type)
values(482,'DNA凝胶回收纯化',482,1,'2012-1-1','admin','pc');
insert into category(id,name,parent_id,activate,created_Time,created_By,category_type)
values(483,'DNA提取纯化',482,1,'2012-1-1','admin','pc');
insert into category(id,name,parent_id,activate,created_Time,created_By,category_type)
values(484,'PCR产物纯化',482,1,'2012-1-1','admin','pc');
insert into category(id,name,parent_id,activate,created_Time,created_By,category_type)
values(485,'基因组DNA提取纯化',482,1,'2012-1-1','admin','pc');
insert into category(id,name,parent_id,activate,created_Time,created_By,category_type)
values(486,'质粒提取纯化',482,1,'2012-1-1','admin','pc');
insert into category(id,name,parent_id,activate,created_Time,created_By,category_type)
values(487,'BAC纯化',482,1,'2012-1-1','admin','pc');
insert into category(id,name,parent_id,activate,created_Time,created_By,category_type)
values(488,'特定DNA分离',482,1,'2012-1-1','admin','pc');
insert into category(id,name,parent_id,activate,created_Time,created_By,category_type)
values(489,'病毒核酸纯化',482,1,'2012-1-1','admin','pc');
insert into category(id,name,parent_id,activate,created_Time,created_By,category_type)
values(490,'磁珠DNA分离',482,1,'2012-1-1','admin','pc');
insert into category(id,name,parent_id,activate,created_Time,created_By,category_type)
values(491,'其它DNA纯化',482,1,'2012-1-1','admin','pc');
insert into category(id,name,parent_id,activate,created_Time,created_By,category_type)
values(492,'RNA提取纯化',482,1,'2012-1-1','admin','pc');
insert into category(id,name,parent_id,activate,created_Time,created_By,category_type)
values(493,'总RNA分离纯化',482,1,'2012-1-1','admin','pc');
insert into category(id,name,parent_id,activate,created_Time,created_By,category_type)
values(494,'mRNA分离纯化',482,1,'2012-1-1','admin','pc');
insert into category(id,name,parent_id,activate,created_Time,created_By,category_type)
values(495,'RNA和蛋白分离',482,1,'2012-1-1','admin','pc');
insert into category(id,name,parent_id,activate,created_Time,created_By,category_type)
values(496,'RNA定量',482,1,'2012-1-1','admin','pc');
insert into category(id,name,parent_id,activate,created_Time,created_By,category_type)
values(497,'其它',482,1,'2012-1-1','admin','pc');

insert into category(id,name,parent_id,activate,created_Time,created_By,category_type)
values(498,'RNAi技术',2,1,'2012-1-1','admin','pc');
insert into category(id,name,parent_id,activate,created_Time,created_By,category_type)
values(499,'siRNA',498,1,'2012-1-1','admin','pc');
insert into category(id,name,parent_id,activate,created_Time,created_By,category_type)
values(500,'反义寡核苷酸',498,1,'2012-1-1','admin','pc');
insert into category(id,name,parent_id,activate,created_Time,created_By,category_type)
values(501,'RNAi定量',498,1,'2012-1-1','admin','pc');
insert into category(id,name,parent_id,activate,created_Time,created_By,category_type)
values(502,'RNAi文库',498,1,'2012-1-1','admin','pc');
insert into category(id,name,parent_id,activate,created_Time,created_By,category_type)
values(503,'miRNA',498,1,'2012-1-1','admin','pc');
insert into category(id,name,parent_id,activate,created_Time,created_By,category_type)
values(504,'miRNA分离',498,1,'2012-1-1','admin','pc');
insert into category(id,name,parent_id,activate,created_Time,created_By,category_type)
values(505,'miRNA分析',498,1,'2012-1-1','admin','pc');
insert into category(id,name,parent_id,activate,created_Time,created_By,category_type)
values(506,'siRNA酶',498,1,'2012-1-1','admin','pc');
insert into category(id,name,parent_id,activate,created_Time,created_By,category_type)
values(507,'siRNA标记',498,1,'2012-1-1','admin','pc');
insert into category(id,name,parent_id,activate,created_Time,created_By,category_type)
values(508,'siRNA纯化',498,1,'2012-1-1','admin','pc');
insert into category(id,name,parent_id,activate,created_Time,created_By,category_type)
values(509,'siRNA合成',498,1,'2012-1-1','admin','pc');
insert into category(id,name,parent_id,activate,created_Time,created_By,category_type)
values(510,'siRNA载体',498,1,'2012-1-1','admin','pc');
insert into category(id,name,parent_id,activate,created_Time,created_By,category_type)
values(511,'siRNA转录',498,1,'2012-1-1','admin','pc');
insert into category(id,name,parent_id,activate,created_Time,created_By,category_type)
values(512,'siRNA转染',498,1,'2012-1-1','admin','pc');
insert into category(id,name,parent_id,activate,created_Time,created_By,category_type)
values(513,'siRNA构建试剂盒',498,1,'2012-1-1','admin','pc');
insert into category(id,name,parent_id,activate,created_Time,created_By,category_type)
values(514,'其它',498,1,'2012-1-1','admin','pc');

insert into category(id,name,parent_id,activate,created_Time,created_By,category_type)
values(515,'蛋白检测',2,1,'2012-1-1','admin','pc');
insert into category(id,name,parent_id,activate,created_Time,created_By,category_type)
values(516,'Western印迹',515,1,'2012-1-1','admin','pc');
insert into category(id,name,parent_id,activate,created_Time,created_By,category_type)
values(517,'报告基因检测',515,1,'2012-1-1','admin','pc');
insert into category(id,name,parent_id,activate,created_Time,created_By,category_type)
values(518,'蛋白检测试剂盒',515,1,'2012-1-1','admin','pc');
insert into category(id,name,parent_id,activate,created_Time,created_By,category_type)
values(519,'蛋白酶抑制剂',515,1,'2012-1-1','admin','pc');
insert into category(id,name,parent_id,activate,created_Time,created_By,category_type)
values(520,'蛋白互作检测',515,1,'2012-1-1','admin','pc');
insert into category(id,name,parent_id,activate,created_Time,created_By,category_type)
values(521,'ELISA试剂盒',515,1,'2012-1-1','admin','pc');
insert into category(id,name,parent_id,activate,created_Time,created_By,category_type)
values(522,'其它',515,1,'2012-1-1','admin','pc');

insert into category(id,name,parent_id,activate,created_Time,created_By,category_type)
values(523,'蛋白纯化',2,1,'2012-1-1','admin','pc');
insert into category(id,name,parent_id,activate,created_Time,created_By,category_type)
values(524,'蛋白提取',523,1,'2012-1-1','admin','pc');
insert into category(id,name,parent_id,activate,created_Time,created_By,category_type)
values(525,'蛋白透析',523,1,'2012-1-1','admin','pc');
insert into category(id,name,parent_id,activate,created_Time,created_By,category_type)
values(526,'蛋白定量',523,1,'2012-1-1','admin','pc');
insert into category(id,name,parent_id,activate,created_Time,created_By,category_type)
values(527,'蛋白稳定',523,1,'2012-1-1','admin','pc');
insert into category(id,name,parent_id,activate,created_Time,created_By,category_type)
values(528,'蛋白纯化',523,1,'2012-1-1','admin','pc');
insert into category(id,name,parent_id,activate,created_Time,created_By,category_type)
values(529,'蛋白浓缩',523,1,'2012-1-1','admin','pc');
insert into category(id,name,parent_id,activate,created_Time,created_By,category_type)
values(530,'蛋白体分离',523,1,'2012-1-1','admin','pc');
insert into category(id,name,parent_id,activate,created_Time,created_By,category_type)
values(531,'亲和标记纯化',523,1,'2012-1-1','admin','pc');
insert into category(id,name,parent_id,activate,created_Time,created_By,category_type)
values(532,'融合标记移除',523,1,'2012-1-1','admin','pc');
insert into category(id,name,parent_id,activate,created_Time,created_By,category_type)
values(533,'病毒移除',523,1,'2012-1-1','admin','pc');
insert into category(id,name,parent_id,activate,created_Time,created_By,category_type)
values(534,'脂移除',523,1,'2012-1-1','admin','pc');
insert into category(id,name,parent_id,activate,created_Time,created_By,category_type)
values(535,'分馏试剂盒',523,1,'2012-1-1','admin','pc');
insert into category(id,name,parent_id,activate,created_Time,created_By,category_type)
values(536,'磁珠及相关',523,1,'2012-1-1','admin','pc');
insert into category(id,name,parent_id,activate,created_Time,created_By,category_type)
values(537,'其它',523,1,'2012-1-1','admin','pc');

insert into category(id,name,parent_id,activate,created_Time,created_By,category_type)
values(538,'蛋白分析',2,1,'2012-1-1','admin','pc');
insert into category(id,name,parent_id,activate,created_Time,created_By,category_type)
values(539,'PAGE凝胶制备',523,1,'2012-1-1','admin','pc');
insert into category(id,name,parent_id,activate,created_Time,created_By,category_type)
values(540,'蛋白电泳试剂',523,1,'2012-1-1','admin','pc');
insert into category(id,name,parent_id,activate,created_Time,created_By,category_type)
values(541,'预制蛋白凝胶',523,1,'2012-1-1','admin','pc');
insert into category(id,name,parent_id,activate,created_Time,created_By,category_type)
values(542,'蛋白标准品',523,1,'2012-1-1','admin','pc');
insert into category(id,name,parent_id,activate,created_Time,created_By,category_type)
values(543,'蛋白凝胶染色',523,1,'2012-1-1','admin','pc');
insert into category(id,name,parent_id,activate,created_Time,created_By,category_type)
values(544,'蛋白印迹检测',523,1,'2012-1-1','admin','pc');
insert into category(id,name,parent_id,activate,created_Time,created_By,category_type)
values(545,'蛋白结构分析',523,1,'2012-1-1','admin','pc');
insert into category(id,name,parent_id,activate,created_Time,created_By,category_type)
values(546,'蛋白色谱分析',523,1,'2012-1-1','admin','pc');
insert into category(id,name,parent_id,activate,created_Time,created_By,category_type)
values(547,'其它',523,1,'2012-1-1','admin','pc');

insert into category(id,name,parent_id,activate,created_Time,created_By,category_type)
values(548,'蛋白修饰',2,1,'2012-1-1','admin','pc');
insert into category(id,name,parent_id,activate,created_Time,created_By,category_type)
values(549,'蛋白标记',548,1,'2012-1-1','admin','pc');
insert into category(id,name,parent_id,activate,created_Time,created_By,category_type)
values(550,'载体蛋白结合',548,1,'2012-1-1','admin','pc');
insert into category(id,name,parent_id,activate,created_Time,created_By,category_type)
values(551,'糖基化',548,1,'2012-1-1','admin','pc');
insert into category(id,name,parent_id,activate,created_Time,created_By,category_type)
values(552,'磷酸化',548,1,'2012-1-1','admin','pc');
insert into category(id,name,parent_id,activate,created_Time,created_By,category_type)
values(553,'其它',548,1,'2012-1-1','admin','pc');

insert into category(id,name,parent_id,activate,created_Time,created_By,category_type)
values(554,'细胞生物学检测',2,1,'2012-1-1','admin','pc');
insert into category(id,name,parent_id,activate,created_Time,created_By,category_type)
values(555,'细胞凋亡',554,1,'2012-1-1','admin','pc');
insert into category(id,name,parent_id,activate,created_Time,created_By,category_type)
values(556,'细胞分离',554,1,'2012-1-1','admin','pc');
insert into category(id,name,parent_id,activate,created_Time,created_By,category_type)
values(557,'细胞增殖',554,1,'2012-1-1','admin','pc');
insert into category(id,name,parent_id,activate,created_Time,created_By,category_type)
values(558,'细胞转染',554,1,'2012-1-1','admin','pc');
insert into category(id,name,parent_id,activate,created_Time,created_By,category_type)
values(559,'细胞分选',554,1,'2012-1-1','admin','pc');
insert into category(id,name,parent_id,activate,created_Time,created_By,category_type)
values(560,'细胞因子检测',554,1,'2012-1-1','admin','pc');
insert into category(id,name,parent_id,activate,created_Time,created_By,category_type)
values(561,'流式细胞检测',554,1,'2012-1-1','admin','pc');
insert into category(id,name,parent_id,activate,created_Time,created_By,category_type)
values(562,'信号传导检测',554,1,'2012-1-1','admin','pc');
insert into category(id,name,parent_id,activate,created_Time,created_By,category_type)
values(563,'荧光微球体检测',554,1,'2012-1-1','admin','pc');
insert into category(id,name,parent_id,activate,created_Time,created_By,category_type)
values(564,'组织学\免疫组织学检测',554,1,'2012-1-1','admin','pc');
insert into category(id,name,parent_id,activate,created_Time,created_By,category_type)
values(565,'血清\组织\血液产品',554,1,'2012-1-1','admin','pc');
insert into category(id,name,parent_id,activate,created_Time,created_By,category_type)
values(566,'细胞生物学检测试剂盒',554,1,'2012-1-1','admin','pc');
insert into category(id,name,parent_id,activate,created_Time,created_By,category_type)
values(567,'其它',554,1,'2012-1-1','admin','pc');

insert into category(id,name,parent_id,activate,created_Time,created_By,category_type)
values(568,'药物筛选',2,1,'2012-1-1','admin','pc');
insert into category(id,name,parent_id,activate,created_Time,created_By,category_type)
values(569,'荧光素细胞活力\增殖\毒性检测',568,1,'2012-1-1','admin','pc');
insert into category(id,name,parent_id,activate,created_Time,created_By,category_type)
values(570,'细胞标记\跟踪',568,1,'2012-1-1','admin','pc');
insert into category(id,name,parent_id,activate,created_Time,created_By,category_type)
values(571,'其它细胞活力\增殖\毒性检测',568,1,'2012-1-1','admin','pc');
insert into category(id,name,parent_id,activate,created_Time,created_By,category_type)
values(572,'吞噬作用检测',568,1,'2012-1-1','admin','pc');
insert into category(id,name,parent_id,activate,created_Time,created_By,category_type)
values(573,'端粒酶和TRAP检测',568,1,'2012-1-1','admin','pc');
insert into category(id,name,parent_id,activate,created_Time,created_By,category_type)
values(574,'细胞衰老检测',568,1,'2012-1-1','admin','pc');
insert into category(id,name,parent_id,activate,created_Time,created_By,category_type)
values(575,'酶抑制剂筛选',568,1,'2012-1-1','admin','pc');
insert into category(id,name,parent_id,activate,created_Time,created_By,category_type)
values(576,'卵母细胞筛选',568,1,'2012-1-1','admin','pc');
insert into category(id,name,parent_id,activate,created_Time,created_By,category_type)
values(577,'受体结合检测',568,1,'2012-1-1','admin','pc');
insert into category(id,name,parent_id,activate,created_Time,created_By,category_type)
values(578,'其它',568,1,'2012-1-1','admin','pc');

insert into category(id,name,parent_id,activate,created_Time,created_By,category_type)
values(579,'免疫检测',2,1,'2012-1-1','admin','pc');
insert into category(id,name,parent_id,activate,created_Time,created_By,category_type)
values(580,'放射性免疫检测',579,1,'2012-1-1','admin','pc');
insert into category(id,name,parent_id,activate,created_Time,created_By,category_type)
values(581,'化学发光免疫检测',579,1,'2012-1-1','admin','pc');
insert into category(id,name,parent_id,activate,created_Time,created_By,category_type)
values(582,'ELISPOT检测',579,1,'2012-1-1','admin','pc');
insert into category(id,name,parent_id,activate,created_Time,created_By,category_type)
values(583,'荧光偏振免疫检测',579,1,'2012-1-1','admin','pc');
insert into category(id,name,parent_id,activate,created_Time,created_By,category_type)
values(584,'切向流免疫仪检测',579,1,'2012-1-1','admin','pc');
insert into category(id,name,parent_id,activate,created_Time,created_By,category_type)
values(585,'免疫层析',579,1,'2012-1-1','admin','pc');
insert into category(id,name,parent_id,activate,created_Time,created_By,category_type)
values(586,'散射免疫扩散检测',579,1,'2012-1-1','admin','pc');
insert into category(id,name,parent_id,activate,created_Time,created_By,category_type)
values(597,'其它',579,1,'2012-1-1','admin','pc');

insert into category(id,name,parent_id,activate,created_Time,created_By,category_type)
values(598,'细胞培养',2,1,'2012-1-1','admin','pc');
insert into category(id,name,parent_id,activate,created_Time,created_By,category_type)
values(599,'血清',598,1,'2012-1-1','admin','pc');
insert into category(id,name,parent_id,activate,created_Time,created_By,category_type)
values(600,'血清替代物',598,1,'2012-1-1','admin','pc');
insert into category(id,name,parent_id,activate,created_Time,created_By,category_type)
values(601,'细胞培养基',598,1,'2012-1-1','admin','pc');
insert into category(id,name,parent_id,activate,created_Time,created_By,category_type)
values(602,'细胞培养添加物',598,1,'2012-1-1','admin','pc');
insert into category(id,name,parent_id,activate,created_Time,created_By,category_type)
values(603,'培养基_琼脂混合物',598,1,'2012-1-1','admin','pc');
insert into category(id,name,parent_id,activate,created_Time,created_By,category_type)
values(604,'细胞因子、趋化因子和生长因子',598,1,'2012-1-1','admin','pc');
insert into category(id,name,parent_id,activate,created_Time,created_By,category_type)
values(605,'琼脂',598,1,'2012-1-1','admin','pc');
insert into category(id,name,parent_id,activate,created_Time,created_By,category_type)
values(606,'胰酶中和液',598,1,'2012-1-1','admin','pc');
insert into category(id,name,parent_id,activate,created_Time,created_By,category_type)
values(607,'蛋白胨',598,1,'2012-1-1','admin','pc');
insert into category(id,name,parent_id,activate,created_Time,created_By,category_type)
values(608,'多聚赖氨酸',598,1,'2012-1-1','admin','pc');
insert into category(id,name,parent_id,activate,created_Time,created_By,category_type)
values(609,'氨基酸混合物',598,1,'2012-1-1','admin','pc');
insert into category(id,name,parent_id,activate,created_Time,created_By,category_type)
values(610,'盐溶液',598,1,'2012-1-1','admin','pc');
insert into category(id,name,parent_id,activate,created_Time,created_By,category_type)
values(611,'细胞分散试剂',598,1,'2012-1-1','admin','pc');
insert into category(id,name,parent_id,activate,created_Time,created_By,category_type)
values(612,'消泡剂',598,1,'2012-1-1','admin','pc');
insert into category(id,name,parent_id,activate,created_Time,created_By,category_type)
values(613,'表达诱导',598,1,'2012-1-1','admin','pc');
insert into category(id,name,parent_id,activate,created_Time,created_By,category_type)
values(614,'细菌检测',598,1,'2012-1-1','admin','pc');
insert into category(id,name,parent_id,activate,created_Time,created_By,category_type)
values(615,'酵母细胞培养',598,1,'2012-1-1','admin','pc');
insert into category(id,name,parent_id,activate,created_Time,created_By,category_type)
values(616,'支原体检测',598,1,'2012-1-1','admin','pc');
insert into category(id,name,parent_id,activate,created_Time,created_By,category_type)
values(617,'支原体消除',598,1,'2012-1-1','admin','pc');
insert into category(id,name,parent_id,activate,created_Time,created_By,category_type)
values(618,'导向毒素',598,1,'2012-1-1','admin','pc');
insert into category(id,name,parent_id,activate,created_Time,created_By,category_type)
values(619,'细胞分选',598,1,'2012-1-1','admin','pc');
insert into category(id,name,parent_id,activate,created_Time,created_By,category_type)
values(620,'其它',598,1,'2012-1-1','admin','pc');

insert into category(id,name,parent_id,activate,created_Time,created_By,category_type)
values(621,'克隆与表达',2,1,'2012-1-1','admin','pc');
insert into category(id,name,parent_id,activate,created_Time,created_By,category_type)
values(622,'克隆基因',622,1,'2012-1-1','admin','pc');
insert into category(id,name,parent_id,activate,created_Time,created_By,category_type)
values(623,'克隆试剂盒',622,1,'2012-1-1','admin','pc');
insert into category(id,name,parent_id,activate,created_Time,created_By,category_type)
values(624,'克隆筛选',622,1,'2012-1-1','admin','pc');
insert into category(id,name,parent_id,activate,created_Time,created_By,category_type)
values(625,'感受态细胞',622,1,'2012-1-1','admin','pc');
insert into category(id,name,parent_id,activate,created_Time,created_By,category_type)
values(626,'表达诱导',622,1,'2012-1-1','admin','pc');
insert into category(id,name,parent_id,activate,created_Time,created_By,category_type)
values(627,'突变',622,1,'2012-1-1','admin','pc');
insert into category(id,name,parent_id,activate,created_Time,created_By,category_type)
values(628,'转染',622,1,'2012-1-1','admin','pc');
insert into category(id,name,parent_id,activate,created_Time,created_By,category_type)
values(629,'转化',622,1,'2012-1-1','admin','pc');
insert into category(id,name,parent_id,activate,created_Time,created_By,category_type)
values(630,'体外转录 翻译',622,1,'2012-1-1','admin','pc');
insert into category(id,name,parent_id,activate,created_Time,created_By,category_type)
values(631,'其它',622,1,'2012-1-1','admin','pc');

insert into category(id,name,parent_id,activate,created_Time,created_By,category_type)
values(632,'表达分析',2,1,'2012-1-1','admin','pc');
insert into category(id,name,parent_id,activate,created_Time,created_By,category_type)
values(633,'Northern印迹分析',632,1,'2012-1-1','admin','pc');
insert into category(id,name,parent_id,activate,created_Time,created_By,category_type)
values(634,'分支DNA和mRNA定量',632,1,'2012-1-1','admin','pc');
insert into category(id,name,parent_id,activate,created_Time,created_By,category_type)
values(635,'差别基因表达',632,1,'2012-1-1','admin','pc');
insert into category(id,name,parent_id,activate,created_Time,created_By,category_type)
values(636,'其它',632,1,'2012-1-1','admin','pc');

insert into category(id,name,parent_id,activate,created_Time,created_By,category_type)
values(637,'核酸合成\蛋白合成',2,1,'2012-1-1','admin','pc');
insert into category(id,name,parent_id,activate,created_Time,created_By,category_type)
values(638,'Oligo纯化',637,1,'2012-1-1','admin','pc');
insert into category(id,name,parent_id,activate,created_Time,created_By,category_type)
values(639,'核酸合成柱',637,1,'2012-1-1','admin','pc');
insert into category(id,name,parent_id,activate,created_Time,created_By,category_type)
values(640,'核酸合成试剂',637,1,'2012-1-1','admin','pc');
insert into category(id,name,parent_id,activate,created_Time,created_By,category_type)
values(641,'合成用引物',637,1,'2012-1-1','admin','pc');
insert into category(id,name,parent_id,activate,created_Time,created_By,category_type)
values(642,'多肽合成柱',637,1,'2012-1-1','admin','pc');
insert into category(id,name,parent_id,activate,created_Time,created_By,category_type)
values(643,'多肽合成试剂',637,1,'2012-1-1','admin','pc');
insert into category(id,name,parent_id,activate,created_Time,created_By,category_type)
values(644,'核酸及其衍生物',637,1,'2012-1-1','admin','pc');
insert into category(id,name,parent_id,activate,created_Time,created_By,category_type)
values(645,'其它',637,1,'2012-1-1','admin','pc');

insert into category(id,name,parent_id,activate,created_Time,created_By,category_type)
values(646,'核酸分析',2,1,'2012-1-1','admin','pc');
insert into category(id,name,parent_id,activate,created_Time,created_By,category_type)
values(647,'AFLP分析',646,1,'2012-1-1','admin','pc');
insert into category(id,name,parent_id,activate,created_Time,created_By,category_type)
values(648,'SNP基因分型',646,1,'2012-1-1','admin','pc');
insert into category(id,name,parent_id,activate,created_Time,created_By,category_type)
values(649,'线粒体DNA基因分型',646,1,'2012-1-1','admin','pc');
insert into category(id,name,parent_id,activate,created_Time,created_By,category_type)
values(650,'其它基因分型',646,1,'2012-1-1','admin','pc');
insert into category(id,name,parent_id,activate,created_Time,created_By,category_type)
values(651,'DNA指纹试剂盒',646,1,'2012-1-1','admin','pc');
insert into category(id,name,parent_id,activate,created_Time,created_By,category_type)
values(652,'DNA测序试剂',646,1,'2012-1-1','admin','pc');
insert into category(id,name,parent_id,activate,created_Time,created_By,category_type)
values(653,'核酸电泳凝胶',646,1,'2012-1-1','admin','pc');
insert into category(id,name,parent_id,activate,created_Time,created_By,category_type)
values(654,'核酸标准品',646,1,'2012-1-1','admin','pc');
insert into category(id,name,parent_id,activate,created_Time,created_By,category_type)
values(655,'凝胶纯化试剂盒',646,1,'2012-1-1','admin','pc');
insert into category(id,name,parent_id,activate,created_Time,created_By,category_type)
values(656,'核酸染色',646,1,'2012-1-1','admin','pc');
insert into category(id,name,parent_id,activate,created_Time,created_By,category_type)
values(657,'转座工具',646,1,'2012-1-1','admin','pc');
insert into category(id,name,parent_id,activate,created_Time,created_By,category_type)
values(658,'其它',646,1,'2012-1-1','admin','pc');

insert into category(id,name,parent_id,activate,created_Time,created_By,category_type)
values(659,'核酸检测',2,1,'2012-1-1','admin','pc');
insert into category(id,name,parent_id,activate,created_Time,created_By,category_type)
values(660,'N\S印迹分析试剂盒',659,1,'2012-1-1','admin','pc');
insert into category(id,name,parent_id,activate,created_Time,created_By,category_type)
values(661,'其它探针标记检测',659,1,'2012-1-1','admin','pc');
insert into category(id,name,parent_id,activate,created_Time,created_By,category_type)
values(662,'原位杂交',659,1,'2012-1-1','admin','pc');
insert into category(id,name,parent_id,activate,created_Time,created_By,category_type)
values(663,'胞内核酸定位',659,1,'2012-1-1','admin','pc');
insert into category(id,name,parent_id,activate,created_Time,created_By,category_type)
values(664,'RNA检测',659,1,'2012-1-1','admin','pc');
insert into category(id,name,parent_id,activate,created_Time,created_By,category_type)
values(665,'核酸定量检测',659,1,'2012-1-1','admin','pc');
insert into category(id,name,parent_id,activate,created_Time,created_By,category_type)
values(666,'核酸蛋白互作检测',659,1,'2012-1-1','admin','pc');
insert into category(id,name,parent_id,activate,created_Time,created_By,category_type)
values(667,'其它',659,1,'2012-1-1','admin','pc');

insert into category(id,name,parent_id,activate,created_Time,created_By,category_type)
values(668,'细胞',2,1,'2012-1-1','admin','pc');
insert into category(id,name,parent_id,activate,created_Time,created_By,category_type)
values(669,'细胞株',668,1,'2012-1-1','admin','pc');
insert into category(id,name,parent_id,activate,created_Time,created_By,category_type)
values(670,'感受态细胞',668,1,'2012-1-1','admin','pc');
insert into category(id,name,parent_id,activate,created_Time,created_By,category_type)
values(671,'新鲜细胞分离',668,1,'2012-1-1','admin','pc');
insert into category(id,name,parent_id,activate,created_Time,created_By,category_type)
values(672,'受体系 细菌',668,1,'2012-1-1','admin','pc');
insert into category(id,name,parent_id,activate,created_Time,created_By,category_type)
values(673,'受体系 酵母',668,1,'2012-1-1','admin','pc');
insert into category(id,name,parent_id,activate,created_Time,created_By,category_type)
values(674,'其它',668,1,'2012-1-1','admin','pc');

insert into category(id,name,parent_id,activate,created_Time,created_By,category_type)
values(675,'干细胞',2,1,'2012-1-1','admin','pc');
insert into category(id,name,parent_id,activate,created_Time,created_By,category_type)
values(676,'干细胞_祖细胞',675,1,'2012-1-1','admin','pc');
insert into category(id,name,parent_id,activate,created_Time,created_By,category_type)
values(677,'原代细胞',675,1,'2012-1-1','admin','pc');
insert into category(id,name,parent_id,activate,created_Time,created_By,category_type)
values(678,'干细胞培养基',675,1,'2012-1-1','admin','pc');
insert into category(id,name,parent_id,activate,created_Time,created_By,category_type)
values(679,'干细胞分化',675,1,'2012-1-1','admin','pc');
insert into category(id,name,parent_id,activate,created_Time,created_By,category_type)
values(680,'干细胞扩增',675,1,'2012-1-1','admin','pc');
insert into category(id,name,parent_id,activate,created_Time,created_By,category_type)
values(681,'干细胞鉴定',675,1,'2012-1-1','admin','pc');
insert into category(id,name,parent_id,activate,created_Time,created_By,category_type)
values(682,'干细胞培养质控',675,1,'2012-1-1','admin','pc');
insert into category(id,name,parent_id,activate,created_Time,created_By,category_type)
values(683,'干细胞培养添加物',675,1,'2012-1-1','admin','pc');
insert into category(id,name,parent_id,activate,created_Time,created_By,category_type)
values(684,'干细胞与iPS',675,1,'2012-1-1','admin','pc');
insert into category(id,name,parent_id,activate,created_Time,created_By,category_type)
values(685,'干细胞诱导分化',675,1,'2012-1-1','admin','pc');
insert into category(id,name,parent_id,activate,created_Time,created_By,category_type)
values(686,'3D培养',675,1,'2012-1-1','admin','pc');
insert into category(id,name,parent_id,activate,created_Time,created_By,category_type)
values(687,'干细胞冻存',675,1,'2012-1-1','admin','pc');
insert into category(id,name,parent_id,activate,created_Time,created_By,category_type)
values(688,'其它',675,1,'2012-1-1','admin','pc');

insert into category(id,name,parent_id,activate,created_Time,created_By,category_type)
values(689,'实验动物',2,1,'2012-1-1','admin','pc');
insert into category(id,name,parent_id,activate,created_Time,created_By,category_type)
values(690,'转基因动物',689,1,'2012-1-1','admin','pc');
insert into category(id,name,parent_id,activate,created_Time,created_By,category_type)
values(691,'小鼠',689,1,'2012-1-1','admin','pc');
insert into category(id,name,parent_id,activate,created_Time,created_By,category_type)
values(692,'大鼠',689,1,'2012-1-1','admin','pc');
insert into category(id,name,parent_id,activate,created_Time,created_By,category_type)
values(693,'模式动物',689,1,'2012-1-1','admin','pc');
insert into category(id,name,parent_id,activate,created_Time,created_By,category_type)
values(694,'模式植物',689,1,'2012-1-1','admin','pc');
insert into category(id,name,parent_id,activate,created_Time,created_By,category_type)
values(695,'其它',689,1,'2012-1-1','admin','pc');

insert into category(id,name,parent_id,activate,created_Time,created_By,category_type)
values(696,'临床检测试剂',2,1,'2012-1-1','admin','pc');
insert into category(id,name,parent_id,activate,created_Time,created_By,category_type)
values(697,'生化检测',696,1,'2012-1-1','admin','pc');
insert into category(id,name,parent_id,activate,created_Time,created_By,category_type)
values(698,'遗传学检测',696,1,'2012-1-1','admin','pc');
insert into category(id,name,parent_id,activate,created_Time,created_By,category_type)
values(699,'血液检测',696,1,'2012-1-1','admin','pc');
insert into category(id,name,parent_id,activate,created_Time,created_By,category_type)
values(700,'尿液检测',696,1,'2012-1-1','admin','pc');
insert into category(id,name,parent_id,activate,created_Time,created_By,category_type)
values(701,'骨髓检测',696,1,'2012-1-1','admin','pc');
insert into category(id,name,parent_id,activate,created_Time,created_By,category_type)
values(702,'肿瘤检测',696,1,'2012-1-1','admin','pc');
insert into category(id,name,parent_id,activate,created_Time,created_By,category_type)
values(703,'生殖检测',696,1,'2012-1-1','admin','pc');
insert into category(id,name,parent_id,activate,created_Time,created_By,category_type)
values(704,'寄生虫检测',696,1,'2012-1-1','admin','pc');
insert into category(id,name,parent_id,activate,created_Time,created_By,category_type)
values(705,'传染病检测',696,1,'2012-1-1','admin','pc');
insert into category(id,name,parent_id,activate,created_Time,created_By,category_type)
values(706,'其它',696,1,'2012-1-1','admin','pc');

insert into category(id,name,parent_id,activate,created_Time,created_By,category_type)
values(707,'相关检验试剂',2,1,'2012-1-1','admin','pc');
insert into category(id,name,parent_id,activate,created_Time,created_By,category_type)
values(708,'食品安全检测',707,1,'2012-1-1','admin','pc');
insert into category(id,name,parent_id,activate,created_Time,created_By,category_type)
values(709,'药品安全检测',707,1,'2012-1-1','admin','pc');
insert into category(id,name,parent_id,activate,created_Time,created_By,category_type)
values(710,'动物安全检测',707,1,'2012-1-1','admin','pc');
insert into category(id,name,parent_id,activate,created_Time,created_By,category_type)
values(711,'植物安全检测',707,1,'2012-1-1','admin','pc');
insert into category(id,name,parent_id,activate,created_Time,created_By,category_type)
values(712,'法医学鉴定',707,1,'2012-1-1','admin','pc');
insert into category(id,name,parent_id,activate,created_Time,created_By,category_type)
values(713,'抗生素检测',707,1,'2012-1-1','admin','pc');
insert into category(id,name,parent_id,activate,created_Time,created_By,category_type)
values(714,'体外诊断试剂',707,1,'2012-1-1','admin','pc');
insert into category(id,name,parent_id,activate,created_Time,created_By,category_type)
values(715,'其它',707,1,'2012-1-1','admin','pc');

insert into category(id,name,parent_id,activate,created_Time,created_By,category_type)
values(716,'抗体',2,1,'2012-1-1','admin','pc');
insert into category(id,name,parent_id,activate,created_Time,created_By,category_type)
values(717,'蛋白A，G PLUS',716,1,'2012-1-1','admin','pc');
insert into category(id,name,parent_id,activate,created_Time,created_By,category_type)
values(718,'肿瘤抑制\凋亡抗体',716,1,'2012-1-1','admin','pc');
insert into category(id,name,parent_id,activate,created_Time,created_By,category_type)
values(719,'信号分子抗体',716,1,'2012-1-1','admin','pc');
insert into category(id,name,parent_id,activate,created_Time,created_By,category_type)
values(720,'结构蛋白抗体',716,1,'2012-1-1','admin','pc');
insert into category(id,name,parent_id,activate,created_Time,created_By,category_type)
values(721,'磷酸化特异抗体',716,1,'2012-1-1','admin','pc');
insert into category(id,name,parent_id,activate,created_Time,created_By,category_type)
values(722,'融合蛋白tag抗体',716,1,'2012-1-1','admin','pc');
insert into category(id,name,parent_id,activate,created_Time,created_By,category_type)
values(723,'非哺乳动物蛋白抗体',716,1,'2012-1-1','admin','pc');
insert into category(id,name,parent_id,activate,created_Time,created_By,category_type)
values(724,'细胞周期蛋白抗体',716,1,'2012-1-1','admin','pc');
insert into category(id,name,parent_id,activate,created_Time,created_By,category_type)
values(725,'转录调节蛋白抗体',716,1,'2012-1-1','admin','pc');
insert into category(id,name,parent_id,activate,created_Time,created_By,category_type)
values(726,'类固醇受体抗体',716,1,'2012-1-1','admin','pc');
insert into category(id,name,parent_id,activate,created_Time,created_By,category_type)
values(727,'膜受体抗体',716,1,'2012-1-1','admin','pc');
insert into category(id,name,parent_id,activate,created_Time,created_By,category_type)
values(728,'亚细胞标记抗体',716,1,'2012-1-1','admin','pc');
insert into category(id,name,parent_id,activate,created_Time,created_By,category_type)
values(729,'同源结构域蛋白抗体',716,1,'2012-1-1','admin','pc');
insert into category(id,name,parent_id,activate,created_Time,created_By,category_type)
values(730,'运输蛋白抗体',716,1,'2012-1-1','admin','pc');
insert into category(id,name,parent_id,activate,created_Time,created_By,category_type)
values(731,'生长因子和激素抗体',716,1,'2012-1-1','admin','pc');
insert into category(id,name,parent_id,activate,created_Time,created_By,category_type)
values(732,'神经生物抗体',716,1,'2012-1-1','admin','pc');
insert into category(id,name,parent_id,activate,created_Time,created_By,category_type)
values(733,'激酶和磷酸化抗体',716,1,'2012-1-1','admin','pc');
insert into category(id,name,parent_id,activate,created_Time,created_By,category_type)
values(734,'GDP\GTP结合蛋白抗体',716,1,'2012-1-1','admin','pc');
insert into category(id,name,parent_id,activate,created_Time,created_By,category_type)
values(735,'合成降解蛋白抗体',716,1,'2012-1-1','admin','pc');
insert into category(id,name,parent_id,activate,created_Time,created_By,category_type)
values(736,'离子通道抗体',716,1,'2012-1-1','admin','pc');
insert into category(id,name,parent_id,activate,created_Time,created_By,category_type)
values(737,'淋巴细胞信号抗体',716,1,'2012-1-1','admin','pc');
insert into category(id,name,parent_id,activate,created_Time,created_By,category_type)
values(738,'细胞粘附因子抗体',716,1,'2012-1-1','admin','pc');
insert into category(id,name,parent_id,activate,created_Time,created_By,category_type)
values(739,'流式抗体',716,1,'2012-1-1','admin','pc');
insert into category(id,name,parent_id,activate,created_Time,created_By,category_type)
values(740,'western blot试剂盒',716,1,'2012-1-1','admin','pc');
insert into category(id,name,parent_id,activate,created_Time,created_By,category_type)
values(741,'流式细胞试剂盒',716,1,'2012-1-1','admin','pc');
insert into category(id,name,parent_id,activate,created_Time,created_By,category_type)
values(742,'ELISA试剂盒',716,1,'2012-1-1','admin','pc');
insert into category(id,name,parent_id,activate,created_Time,created_By,category_type)
values(743,'免疫组化试剂盒',716,1,'2012-1-1','admin','pc');
insert into category(id,name,parent_id,activate,created_Time,created_By,category_type)
values(744,'放射免疫试剂盒',716,1,'2012-1-1','admin','pc');
insert into category(id,name,parent_id,activate,created_Time,created_By,category_type)
values(745,'western blot二抗',716,1,'2012-1-1','admin','pc');
insert into category(id,name,parent_id,activate,created_Time,created_By,category_type)
values(746,'免疫组化二抗',716,1,'2012-1-1','admin','pc');
insert into category(id,name,parent_id,activate,created_Time,created_By,category_type)
values(747,'佐剂',716,1,'2012-1-1','admin','pc');
insert into category(id,name,parent_id,activate,created_Time,created_By,category_type)
values(748,'抗体片段',716,1,'2012-1-1','admin','pc');
insert into category(id,name,parent_id,activate,created_Time,created_By,category_type)
values(749,'抗体同种型',716,1,'2012-1-1','admin','pc');
insert into category(id,name,parent_id,activate,created_Time,created_By,category_type)
values(750,'抗体纯化',716,1,'2012-1-1','admin','pc');
insert into category(id,name,parent_id,activate,created_Time,created_By,category_type)
values(751,'抗体制备试剂盒',716,1,'2012-1-1','admin','pc');
insert into category(id,name,parent_id,activate,created_Time,created_By,category_type)
values(752,'其它',716,1,'2012-1-1','admin','pc');

insert into category(id,name,parent_id,activate,created_Time,created_By,category_type)
values(753,'常用耗材',3,1,'2012-1-1','admin','pc');
insert into category(id,name,parent_id,activate,created_Time,created_By,category_type)
values(754,'坩埚',753,1,'2012-1-1','admin','pc');
insert into category(id,name,parent_id,activate,created_Time,created_By,category_type)
values(755,'烧杯',753,1,'2012-1-1','admin','pc');
insert into category(id,name,parent_id,activate,created_Time,created_By,category_type)
values(756,'漏斗',753,1,'2012-1-1','admin','pc');
insert into category(id,name,parent_id,activate,created_Time,created_By,category_type)
values(757,'量筒',753,1,'2012-1-1','admin','pc');
insert into category(id,name,parent_id,activate,created_Time,created_By,category_type)
values(758,'广口罐',753,1,'2012-1-1','admin','pc');
insert into category(id,name,parent_id,activate,created_Time,created_By,category_type)
values(759,'研钵和研杵',753,1,'2012-1-1','admin','pc');
insert into category(id,name,parent_id,activate,created_Time,created_By,category_type)
values(760,'手套',753,1,'2012-1-1','admin','pc');
insert into category(id,name,parent_id,activate,created_Time,created_By,category_type)
values(761,'移液管',753,1,'2012-1-1','admin','pc');
insert into category(id,name,parent_id,activate,created_Time,created_By,category_type)
values(762,'滴定管',753,1,'2012-1-1','admin','pc');
insert into category(id,name,parent_id,activate,created_Time,created_By,category_type)
values(763,'金属制品',753,1,'2012-1-1','admin','pc');
insert into category(id,name,parent_id,activate,created_Time,created_By,category_type)
values(764,'封口膜',753,1,'2012-1-1','admin','pc');
insert into category(id,name,parent_id,activate,created_Time,created_By,category_type)
values(765,'冰盒',753,1,'2012-1-1','admin','pc');
insert into category(id,name,parent_id,activate,created_Time,created_By,category_type)
values(766,'试纸',753,1,'2012-1-1','admin','pc');
insert into category(id,name,parent_id,activate,created_Time,created_By,category_type)
values(767,'预制胶',753,1,'2012-1-1','admin','pc');
insert into category(id,name,parent_id,activate,created_Time,created_By,category_type)
values(768,'其它',753,1,'2012-1-1','admin','pc');

insert into category(id,name,parent_id,activate,created_Time,created_By,category_type)
values(769,'移液器',3,1,'2012-1-1','admin','pc');
insert into category(id,name,parent_id,activate,created_Time,created_By,category_type)
values(770,'单道手动移液器',769,1,'2012-1-1','admin','pc');
insert into category(id,name,parent_id,activate,created_Time,created_By,category_type)
values(771,'单道电动移液器',769,1,'2012-1-1','admin','pc');
insert into category(id,name,parent_id,activate,created_Time,created_By,category_type)
values(772,'多道手动移液器',769,1,'2012-1-1','admin','pc');
insert into category(id,name,parent_id,activate,created_Time,created_By,category_type)
values(773,'多道电动移液器',769,1,'2012-1-1','admin','pc');
insert into category(id,name,parent_id,activate,created_Time,created_By,category_type)
values(774,'正置换移液器',769,1,'2012-1-1','admin','pc');
insert into category(id,name,parent_id,activate,created_Time,created_By,category_type)
values(775,'瓶口分液器',769,1,'2012-1-1','admin','pc');
insert into category(id,name,parent_id,activate,created_Time,created_By,category_type)
values(776,'连续分配移液器',769,1,'2012-1-1','admin','pc');

insert into category(id,name,parent_id,activate,created_Time,created_By,category_type)
values(777,'吸头',3,1,'2012-1-1','admin','pc');
insert into category(id,name,parent_id,activate,created_Time,created_By,category_type)
values(778,'滤芯吸头 灭菌',777,1,'2012-1-1','admin','pc');
insert into category(id,name,parent_id,activate,created_Time,created_By,category_type)
values(779,'滤芯吸头 未灭菌',777,1,'2012-1-1','admin','pc');
insert into category(id,name,parent_id,activate,created_Time,created_By,category_type)
values(780,'普通吸头 灭菌',777,1,'2012-1-1','admin','pc');
insert into category(id,name,parent_id,activate,created_Time,created_By,category_type)
values(781,'普通吸头 未灭菌',777,1,'2012-1-1','admin','pc');
insert into category(id,name,parent_id,activate,created_Time,created_By,category_type)
values(782,'多道移液器吸头',777,1,'2012-1-1','admin','pc');
insert into category(id,name,parent_id,activate,created_Time,created_By,category_type)
values(783,'液体工作站吸头',777,1,'2012-1-1','admin','pc');
insert into category(id,name,parent_id,activate,created_Time,created_By,category_type)
values(784,'连续分液吸头',777,1,'2012-1-1','admin','pc');

insert into category(id,name,parent_id,activate,created_Time,created_By,category_type)
values(785,'瓶',3,1,'2012-1-1','admin','pc');
insert into category(id,name,parent_id,activate,created_Time,created_By,category_type)
values(786,'离心瓶',785,1,'2012-1-1','admin','pc');
insert into category(id,name,parent_id,activate,created_Time,created_By,category_type)
values(787,'称量瓶',785,1,'2012-1-1','admin','pc');
insert into category(id,name,parent_id,activate,created_Time,created_By,category_type)
values(788,'存储瓶',785,1,'2012-1-1','admin','pc');
insert into category(id,name,parent_id,activate,created_Time,created_By,category_type)
values(789,'比重瓶',785,1,'2012-1-1','admin','pc');
insert into category(id,name,parent_id,activate,created_Time,created_By,category_type)
values(790,'血清瓶',785,1,'2012-1-1','admin','pc');
insert into category(id,name,parent_id,activate,created_Time,created_By,category_type)
values(791,'滴瓶',785,1,'2012-1-1','admin','pc');
insert into category(id,name,parent_id,activate,created_Time,created_By,category_type)
values(792,'吸气瓶',785,1,'2012-1-1','admin','pc');
insert into category(id,name,parent_id,activate,created_Time,created_By,category_type)
values(793,'离心瓶',785,1,'2012-1-1','admin','pc');
insert into category(id,name,parent_id,activate,created_Time,created_By,category_type)
values(794,'细胞培养瓶',785,1,'2012-1-1','admin','pc');
insert into category(id,name,parent_id,activate,created_Time,created_By,category_type)
values(795,'培养基瓶',785,1,'2012-1-1','admin','pc');
insert into category(id,name,parent_id,activate,created_Time,created_By,category_type)
values(796,'蓝盖瓶',785,1,'2012-1-1','admin','pc');
insert into category(id,name,parent_id,activate,created_Time,created_By,category_type)
values(797,'烧瓶',785,1,'2012-1-1','admin','pc');
insert into category(id,name,parent_id,activate,created_Time,created_By,category_type)
values(798,'平底烧瓶',785,1,'2012-1-1','admin','pc');
insert into category(id,name,parent_id,activate,created_Time,created_By,category_type)
values(799,'克氏长颈烧瓶',785,1,'2012-1-1','admin','pc');
insert into category(id,name,parent_id,activate,created_Time,created_By,category_type)
values(800,'离心瓶',785,1,'2012-1-1','admin','pc');
insert into category(id,name,parent_id,activate,created_Time,created_By,category_type)
values(801,'碘测定烧瓶',785,1,'2012-1-1','admin','pc');
insert into category(id,name,parent_id,activate,created_Time,created_By,category_type)
values(802,'蒸馏烧瓶',785,1,'2012-1-1','admin','pc');
insert into category(id,name,parent_id,activate,created_Time,created_By,category_type)
values(803,'容量瓶',785,1,'2012-1-1','admin','pc');
insert into category(id,name,parent_id,activate,created_Time,created_By,category_type)
values(804,'过滤瓶',785,1,'2012-1-1','admin','pc');
insert into category(id,name,parent_id,activate,created_Time,created_By,category_type)
values(805,'塑料瓶',785,1,'2012-1-1','admin','pc');
insert into category(id,name,parent_id,activate,created_Time,created_By,category_type)
values(806,'洗瓶',785,1,'2012-1-1','admin','pc');

insert into category(id,name,parent_id,activate,created_Time,created_By,category_type)
values(807,'管',3,1,'2012-1-1','admin','pc');
insert into category(id,name,parent_id,activate,created_Time,created_By,category_type)
values(808,'试管',807,1,'2012-1-1','admin','pc');
insert into category(id,name,parent_id,activate,created_Time,created_By,category_type)
values(809,'移液管',807,1,'2012-1-1','admin','pc');
insert into category(id,name,parent_id,activate,created_Time,created_By,category_type)
values(810,'离心管',807,1,'2012-1-1','admin','pc');
insert into category(id,name,parent_id,activate,created_Time,created_By,category_type)
values(811,'微离心管',807,1,'2012-1-1','admin','pc');
insert into category(id,name,parent_id,activate,created_Time,created_By,category_type)
values(812,'样品储存管',807,1,'2012-1-1','admin','pc');
insert into category(id,name,parent_id,activate,created_Time,created_By,category_type)
values(813,'冻存管',807,1,'2012-1-1','admin','pc');
insert into category(id,name,parent_id,activate,created_Time,created_By,category_type)
values(814,'反应管聚',807,1,'2012-1-1','admin','pc');
insert into category(id,name,parent_id,activate,created_Time,created_By,category_type)
values(815,'乙烯保存管',807,1,'2012-1-1','admin','pc');
insert into category(id,name,parent_id,activate,created_Time,created_By,category_type)
values(816,'细胞培养管',807,1,'2012-1-1','admin','pc');
insert into category(id,name,parent_id,activate,created_Time,created_By,category_type)
values(817,'自动上样管',807,1,'2012-1-1','admin','pc');
insert into category(id,name,parent_id,activate,created_Time,created_By,category_type)
values(818,'冷凝管',807,1,'2012-1-1','admin','pc');
insert into category(id,name,parent_id,activate,created_Time,created_By,category_type)
values(819,'吸管',807,1,'2012-1-1','admin','pc');
insert into category(id,name,parent_id,activate,created_Time,created_By,category_type)
values(820,'其它',807,1,'2012-1-1','admin','pc');

insert into category(id,name,parent_id,activate,created_Time,created_By,category_type)
values(821,'PCR耗材',3,1,'2012-1-1','admin','pc');
insert into category(id,name,parent_id,activate,created_Time,created_By,category_type)
values(822,'PCR管',821,1,'2012-1-1','admin','pc');
insert into category(id,name,parent_id,activate,created_Time,created_By,category_type)
values(823,'PCR条板',821,1,'2012-1-1','admin','pc');
insert into category(id,name,parent_id,activate,created_Time,created_By,category_type)
values(824,'PCR板',821,1,'2012-1-1','admin','pc');
insert into category(id,name,parent_id,activate,created_Time,created_By,category_type)
values(825,'实时定量PCR毛细管',821,1,'2012-1-1','admin','pc');
insert into category(id,name,parent_id,activate,created_Time,created_By,category_type)
values(826,'其它',821,1,'2012-1-1','admin','pc');

insert into category(id,name,parent_id,activate,created_Time,created_By,category_type)
values(827,'微孔板',3,1,'2012-1-1','admin','pc');
insert into category(id,name,parent_id,activate,created_Time,created_By,category_type)
values(828,'微孔板 96孔',827,1,'2012-1-1','admin','pc');
insert into category(id,name,parent_id,activate,created_Time,created_By,category_type)
values(829,'微孔板 384孔',827,1,'2012-1-1','admin','pc');
insert into category(id,name,parent_id,activate,created_Time,created_By,category_type)
values(830,'微孔板 包被',827,1,'2012-1-1','admin','pc');
insert into category(id,name,parent_id,activate,created_Time,created_By,category_type)
values(831,'不透明微孔板',827,1,'2012-1-1','admin','pc');
insert into category(id,name,parent_id,activate,created_Time,created_By,category_type)
values(832,'微孔板盖',827,1,'2012-1-1','admin','pc');
insert into category(id,name,parent_id,activate,created_Time,created_By,category_type)
values(833,'微孔板封口',827,1,'2012-1-1','admin','pc');
insert into category(id,name,parent_id,activate,created_Time,created_By,category_type)
values(834,'其它',827,1,'2012-1-1','admin','pc');

insert into category(id,name,parent_id,activate,created_Time,created_By,category_type)
values(835,'色谱柱',3,1,'2012-1-1','admin','pc');
insert into category(id,name,parent_id,activate,created_Time,created_By,category_type)
values(836,'空色谱柱',835,1,'2012-1-1','admin','pc');
insert into category(id,name,parent_id,activate,created_Time,created_By,category_type)
values(837,'离子交换色谱柱',835,1,'2012-1-1','admin','pc');
insert into category(id,name,parent_id,activate,created_Time,created_By,category_type)
values(838,'分子筛色谱柱',835,1,'2012-1-1','admin','pc');
insert into category(id,name,parent_id,activate,created_Time,created_By,category_type)
values(839,'正相色谱柱',835,1,'2012-1-1','admin','pc');
insert into category(id,name,parent_id,activate,created_Time,created_By,category_type)
values(840,'反相色谱柱',835,1,'2012-1-1','admin','pc');
insert into category(id,name,parent_id,activate,created_Time,created_By,category_type)
values(841,'亲和色谱柱',835,1,'2012-1-1','admin','pc');
insert into category(id,name,parent_id,activate,created_Time,created_By,category_type)
values(842,'疏水作用色谱柱',835,1,'2012-1-1','admin','pc');
insert into category(id,name,parent_id,activate,created_Time,created_By,category_type)
values(843,'疏水作用色谱柱',835,1,'2012-1-1','admin','pc');
insert into category(id,name,parent_id,activate,created_Time,created_By,category_type)
values(844,'羟基磷灰石色谱柱',835,1,'2012-1-1','admin','pc');
insert into category(id,name,parent_id,activate,created_Time,created_By,category_type)
values(845,'混合模式色谱柱',835,1,'2012-1-1','admin','pc');
insert into category(id,name,parent_id,activate,created_Time,created_By,category_type)
values(846,'其它',835,1,'2012-1-1','admin','pc');

insert into category(id,name,parent_id,activate,created_Time,created_By,category_type)
values(847,'色谱介质',3,1,'2012-1-1','admin','pc');
insert into category(id,name,parent_id,activate,created_Time,created_By,category_type)
values(848,'离子交换色谱介质',847,1,'2012-1-1','admin','pc');
insert into category(id,name,parent_id,activate,created_Time,created_By,category_type)
values(849,'分子筛色谱介质',847,1,'2012-1-1','admin','pc');
insert into category(id,name,parent_id,activate,created_Time,created_By,category_type)
values(850,'亲和色谱介质',847,1,'2012-1-1','admin','pc');
insert into category(id,name,parent_id,activate,created_Time,created_By,category_type)
values(851,'疏水作用色谱介质',847,1,'2012-1-1','admin','pc');
insert into category(id,name,parent_id,activate,created_Time,created_By,category_type)
values(852,'羟基磷灰石色谱介质',847,1,'2012-1-1','admin','pc');
insert into category(id,name,parent_id,activate,created_Time,created_By,category_type)
values(853,'吸附色谱介质',847,1,'2012-1-1','admin','pc');
insert into category(id,name,parent_id,activate,created_Time,created_By,category_type)
values(854,'陶瓷化氟代磷灰石介质',847,1,'2012-1-1','admin','pc');
insert into category(id,name,parent_id,activate,created_Time,created_By,category_type)
values(855,'活化色谱介质',847,1,'2012-1-1','admin','pc');
insert into category(id,name,parent_id,activate,created_Time,created_By,category_type)
values(856,'其它',847,1,'2012-1-1','admin','pc');

insert into category(id,name,parent_id,activate,created_Time,created_By,category_type)
values(857,'色谱配件',3,1,'2012-1-1','admin','pc');
insert into category(id,name,parent_id,activate,created_Time,created_By,category_type)
values(858,'毛细管电泳高压电源',856,1,'2012-1-1','admin','pc');
insert into category(id,name,parent_id,activate,created_Time,created_By,category_type)
values(859,'进样针进样器',856,1,'2012-1-1','admin','pc');
insert into category(id,name,parent_id,activate,created_Time,created_By,category_type)
values(860,'进样阀',856,1,'2012-1-1','admin','pc');
insert into category(id,name,parent_id,activate,created_Time,created_By,category_type)
values(861,'调节阀',856,1,'2012-1-1','admin','pc');
insert into category(id,name,parent_id,activate,created_Time,created_By,category_type)
values(862,'色谱密封垫\圈',856,1,'2012-1-1','admin','pc');
insert into category(id,name,parent_id,activate,created_Time,created_By,category_type)
values(863,'色谱衬管',856,1,'2012-1-1','admin','pc');
insert into category(id,name,parent_id,activate,created_Time,created_By,category_type)
values(864,'色谱过滤配件',856,1,'2012-1-1','admin','pc');
insert into category(id,name,parent_id,activate,created_Time,created_By,category_type)
values(865,'色谱PEEK管',856,1,'2012-1-1','admin','pc');
insert into category(id,name,parent_id,activate,created_Time,created_By,category_type)
values(866,'柱温箱',856,1,'2012-1-1','admin','pc');
insert into category(id,name,parent_id,activate,created_Time,created_By,category_type)
values(867,'气体净化器',856,1,'2012-1-1','admin','pc');
insert into category(id,name,parent_id,activate,created_Time,created_By,category_type)
values(868,'脱气机',856,1,'2012-1-1','admin','pc');
insert into category(id,name,parent_id,activate,created_Time,created_By,category_type)
values(869,'积分仪',856,1,'2012-1-1','admin','pc');
insert into category(id,name,parent_id,activate,created_Time,created_By,category_type)
values(870,'定量环',856,1,'2012-1-1','admin','pc');
insert into category(id,name,parent_id,activate,created_Time,created_By,category_type)
values(871,'皂膜流量计',856,1,'2012-1-1','admin','pc');
insert into category(id,name,parent_id,activate,created_Time,created_By,category_type)
values(872,'色谱筛板',856,1,'2012-1-1','admin','pc');
insert into category(id,name,parent_id,activate,created_Time,created_By,category_type)
values(873,'薄层色谱配件及消耗品',856,1,'2012-1-1','admin','pc');
insert into category(id,name,parent_id,activate,created_Time,created_By,category_type)
values(874,'检测器配件',856,1,'2012-1-1','admin','pc');
insert into category(id,name,parent_id,activate,created_Time,created_By,category_type)
values(875,'样品瓶',856,1,'2012-1-1','admin','pc');
insert into category(id,name,parent_id,activate,created_Time,created_By,category_type)
values(876,'进样器配件',856,1,'2012-1-1','admin','pc');
insert into category(id,name,parent_id,activate,created_Time,created_By,category_type)
values(877,'电子倍增器',856,1,'2012-1-1','admin','pc');
insert into category(id,name,parent_id,activate,created_Time,created_By,category_type)
values(878,'色谱工作站',856,1,'2012-1-1','admin','pc');
insert into category(id,name,parent_id,activate,created_Time,created_By,category_type)
values(879,'色谱柱管路\接头',856,1,'2012-1-1','admin','pc');
insert into category(id,name,parent_id,activate,created_Time,created_By,category_type)
values(880,'色谱柱接头\分流器',856,1,'2012-1-1','admin','pc');
insert into category(id,name,parent_id,activate,created_Time,created_By,category_type)
values(881,'色谱进样垫\隔垫',856,1,'2012-1-1','admin','pc');
insert into category(id,name,parent_id,activate,created_Time,created_By,category_type)
values(882,'色谱进样垫\隔垫',856,1,'2012-1-1','admin','pc');
insert into category(id,name,parent_id,activate,created_Time,created_By,category_type)
values(883,'进样针\进样器及配件',856,1,'2012-1-1','admin','pc');
insert into category(id,name,parent_id,activate,created_Time,created_By,category_type)
values(884,'其它',856,1,'2012-1-1','admin','pc');

insert into category(id,name,parent_id,activate,created_Time,created_By,category_type)
values(885,'光谱配件',3,1,'2012-1-1','admin','pc');
insert into category(id,name,parent_id,activate,created_Time,created_By,category_type)
values(886,'空心阴极灯',885,1,'2012-1-1','admin','pc');
insert into category(id,name,parent_id,activate,created_Time,created_By,category_type)
values(887,'氘灯 钨灯 氙灯',885,1,'2012-1-1','admin','pc');
insert into category(id,name,parent_id,activate,created_Time,created_By,category_type)
values(888,'光电倍增管',885,1,'2012-1-1','admin','pc');
insert into category(id,name,parent_id,activate,created_Time,created_By,category_type)
values(889,'高压电源',885,1,'2012-1-1','admin','pc');
insert into category(id,name,parent_id,activate,created_Time,created_By,category_type)
values(890,'ICP矩管',885,1,'2012-1-1','admin','pc');
insert into category(id,name,parent_id,activate,created_Time,created_By,category_type)
values(891,'比色皿 样品池',885,1,'2012-1-1','admin','pc');
insert into category(id,name,parent_id,activate,created_Time,created_By,category_type)
values(892,'雾化器',885,1,'2012-1-1','admin','pc');
insert into category(id,name,parent_id,activate,created_Time,created_By,category_type)
values(893,'石墨管\石墨锥',885,1,'2012-1-1','admin','pc');
insert into category(id,name,parent_id,activate,created_Time,created_By,category_type)
values(894,'光谱标准物\光谱标样',885,1,'2012-1-1','admin','pc');
insert into category(id,name,parent_id,activate,created_Time,created_By,category_type)
values(895,'红外光谱配件',885,1,'2012-1-1','admin','pc');
insert into category(id,name,parent_id,activate,created_Time,created_By,category_type)
values(896,'样品池\盐窗口',885,1,'2012-1-1','admin','pc');
insert into category(id,name,parent_id,activate,created_Time,created_By,category_type)
values(897,'光栅',885,1,'2012-1-1','admin','pc');
insert into category(id,name,parent_id,activate,created_Time,created_By,category_type)
values(898,'进样针\进样器及配件',885,1,'2012-1-1','admin','pc');
insert into category(id,name,parent_id,activate,created_Time,created_By,category_type)
values(899,'其它',885,1,'2012-1-1','admin','pc');

insert into category(id,name,parent_id,activate,created_Time,created_By,category_type)
values(900,'培养耗材',3,1,'2012-1-1','admin','pc');
insert into category(id,name,parent_id,activate,created_Time,created_By,category_type)
values(901,'细胞培养皿',900,1,'2012-1-1','admin','pc');
insert into category(id,name,parent_id,activate,created_Time,created_By,category_type)
values(902,'多孔组织培养板',900,1,'2012-1-1','admin','pc');
insert into category(id,name,parent_id,activate,created_Time,created_By,category_type)
values(903,'多孔组织培养板',900,1,'2012-1-1','admin','pc');
insert into category(id,name,parent_id,activate,created_Time,created_By,category_type)
values(904,'培养瓶',900,1,'2012-1-1','admin','pc');
insert into category(id,name,parent_id,activate,created_Time,created_By,category_type)
values(905,'细胞培养板',900,1,'2012-1-1','admin','pc');
insert into category(id,name,parent_id,activate,created_Time,created_By,category_type)
values(906,'立体培养皿\板',900,1,'2012-1-1','admin','pc');
insert into category(id,name,parent_id,activate,created_Time,created_By,category_type)
values(907,'蓝盖瓶',900,1,'2012-1-1','admin','pc');
insert into category(id,name,parent_id,activate,created_Time,created_By,category_type)
values(908,'其它',900,1,'2012-1-1','admin','pc');

insert into category(id,name,parent_id,activate,created_Time,created_By,category_type)
values(909,'分子生物学耗材',3,1,'2012-1-1','admin','pc');
insert into category(id,name,parent_id,activate,created_Time,created_By,category_type)
values(910,'硝酸纤维素膜',909,1,'2012-1-1','admin','pc');
insert into category(id,name,parent_id,activate,created_Time,created_By,category_type)
values(911,'尼龙膜',909,1,'2012-1-1','admin','pc');
insert into category(id,name,parent_id,activate,created_Time,created_By,category_type)
values(912,'PVDF膜',909,1,'2012-1-1','admin','pc');
insert into category(id,name,parent_id,activate,created_Time,created_By,category_type)
values(913,'胶片',909,1,'2012-1-1','admin','pc');
insert into category(id,name,parent_id,activate,created_Time,created_By,category_type)
values(914,'印迹膜\滤纸三明治',909,1,'2012-1-1','admin','pc');
insert into category(id,name,parent_id,activate,created_Time,created_By,category_type)
values(915,'其它',909,1,'2012-1-1','admin','pc');

insert into category(id,name,parent_id,activate,created_Time,created_By,category_type)
values(916,'过滤耗材',3,1,'2012-1-1','admin','pc');
insert into category(id,name,parent_id,activate,created_Time,created_By,category_type)
values(917,'过滤膜',916,1,'2012-1-1','admin','pc');
insert into category(id,name,parent_id,activate,created_Time,created_By,category_type)
values(918,'过滤板',916,1,'2012-1-1','admin','pc');
insert into category(id,name,parent_id,activate,created_Time,created_By,category_type)
values(919,'纯水纯化柱',916,1,'2012-1-1','admin','pc');
insert into category(id,name,parent_id,activate,created_Time,created_By,category_type)
values(920,'纯水纯化柱',916,1,'2012-1-1','admin','pc');
insert into category(id,name,parent_id,activate,created_Time,created_By,category_type)
values(921,'滤纸',916,1,'2012-1-1','admin','pc');
insert into category(id,name,parent_id,activate,created_Time,created_By,category_type)
values(922,'超滤',916,1,'2012-1-1','admin','pc');
insert into category(id,name,parent_id,activate,created_Time,created_By,category_type)
values(923,'其它',916,1,'2012-1-1','admin','pc');

insert into category(id,name,parent_id,activate,created_Time,created_By,category_type)
values(924,'仪器配套',3,1,'2012-1-1','admin','pc');
insert into category(id,name,parent_id,activate,created_Time,created_By,category_type)
values(925,'比色皿\比色杯',924,1,'2012-1-1','admin','pc');
insert into category(id,name,parent_id,activate,created_Time,created_By,category_type)
values(926,'电击杯',924,1,'2012-1-1','admin','pc');
insert into category(id,name,parent_id,activate,created_Time,created_By,category_type)
values(927,'电泳设备配件',924,1,'2012-1-1','admin','pc');
insert into category(id,name,parent_id,activate,created_Time,created_By,category_type)
values(928,'酶标板',924,1,'2012-1-1','admin','pc');
insert into category(id,name,parent_id,activate,created_Time,created_By,category_type)
values(929,'显微镜用耗材',924,1,'2012-1-1','admin','pc');
insert into category(id,name,parent_id,activate,created_Time,created_By,category_type)
values(930,'生物芯片专用耗材',924,1,'2012-1-1','admin','pc');
insert into category(id,name,parent_id,activate,created_Time,created_By,category_type)
values(931,'其它',924,1,'2012-1-1','admin','pc');

insert into category(id,name,parent_id,activate,created_Time,created_By,category_type)
values(932,'仪器维修服务',4,1,'2012-1-1','admin','pc');

insert into category(id,name,parent_id,activate,created_Time,created_By,category_type)
values(933,'仪器维修服务',932,1,'2012-1-1','admin','pc');

insert into category(id,name,parent_id,activate,created_Time,created_By,category_type)
values(934,'技术培训服务',4,1,'2012-1-1','admin','pc');
insert into category(id,name,parent_id,activate,created_Time,created_By,category_type)
values(935,'新药技术培训',934,1,'2012-1-1','admin','pc');
insert into category(id,name,parent_id,activate,created_Time,created_By,category_type)
values(936,'GMP认证培训',934,1,'2012-1-1','admin','pc');
insert into category(id,name,parent_id,activate,created_Time,created_By,category_type)
values(937,'实验技术培训',934,1,'2012-1-1','admin','pc');
insert into category(id,name,parent_id,activate,created_Time,created_By,category_type)
values(938,'ISO系列标准培训',934,1,'2012-1-1','admin','pc');
insert into category(id,name,parent_id,activate,created_Time,created_By,category_type)
values(939,'其它培训',934,1,'2012-1-1','admin','pc');

insert into category(id,name,parent_id,activate,created_Time,created_By,category_type)
values(940,'其它服务',4,1,'2012-1-1','admin','pc');
insert into category(id,name,parent_id,activate,created_Time,created_By,category_type)
values(941,'厂商OEM',940,1,'2012-1-1','admin','pc');
insert into category(id,name,parent_id,activate,created_Time,created_By,category_type)
values(942,'组织学服务',940,1,'2012-1-1','admin','pc');
insert into category(id,name,parent_id,activate,created_Time,created_By,category_type)
values(943,'实验室定制服务',940,1,'2012-1-1','admin','pc');
insert into category(id,name,parent_id,activate,created_Time,created_By,category_type)
values(944,'冷链物流',940,1,'2012-1-1','admin','pc');
insert into category(id,name,parent_id,activate,created_Time,created_By,category_type)
values(945,'技术转让',940,1,'2012-1-1','admin','pc');
insert into category(id,name,parent_id,activate,created_Time,created_By,category_type)
values(946,'其它',940,1,'2012-1-1','admin','pc');

-- test content
insert into content values(1,'<p>product1-content</p>');
insert into content values(2,'product2-content');
insert into content values(3,'product3-content');
insert into content values(4,'product4-content');
insert into content values(5,'product5-content');
insert into content values(6,'product6-content');
insert into content values(7,'product7-content');
insert into content values(8,'product8-content');
insert into content values(9,'<p>product9-content</p>');
insert into content values(10,'product10-content');
insert into content values(11,'product11-content');
insert into content values(12,'product12-content');
insert into content values(13,'product13-content');
insert into content values(14,'product14-content');
insert into content values(15,'product15-content');
insert into content values(16,'product16-content');

-- test user provider
insert into site_user(id,name,password,enabled,site_authority,email,phone,real_name,sex,create_time) values(1,'tom','6b86b273ff34fce19d6b804eff5a3f5747ada4eaa22f1d49c01e52ddb7875b4b',1,'ROLE_PROVIDER','1234561@qq.com','13700000001','张三',1,'2012-12-12 12:23:32');
insert into site_user(id,name,password,enabled,site_authority,email,phone,real_name,sex,create_time) values(2,'mary22','ebcd0c0a2fead5ce94ac2100d90bc04bc04596554a976ce3bec32452faeeb007',1,'ROLE_PROVIDER','1234562@qq.com','13700000002','lisi',1,'2012-12-12 12:23:32');
insert into site_user(id,name,password,enabled,site_authority,email,phone,real_name,sex,create_time) values(7,'peter1','6b86b273ff34fce19d6b804eff5a3f5747ada4eaa22f1d49c01e52ddb7875b4b',1,'ROLE_UNAUTH','1234562@qq.com','13700000007','lisi',1,'2012-12-12 12:23:32');

-- test user commonuser
insert into site_user(id,name,password,enabled,site_authority,email,phone,real_name,sex,create_time) values(3,'mary3','ebcd0c0a2fead5ce94ac2100d90bc04bc04596554a976ce3bec32452faeeb007',1,'ROLE_COMMONUSER','1234563@qq.com','13700000003','mary3',0,'2012-12-12 12:23:32');
insert into site_user(id,name,password,enabled,site_authority,email,phone,real_name,sex,create_time) values(4,'pjf1','ebcd0c0a2fead5ce94ac2100d90bc04bc04596554a976ce3bec32452faeeb007',1,'ROLE_COMMONUSER','1234564@qq.com','13700000004','mary3',0,'2012-12-12 12:23:32');
insert into site_user(id,name,password,enabled,site_authority,email,phone,real_name,sex,create_time) values(6,'pjf12','ebcd0c0a2fead5ce94ac2100d90bc04bc04596554a976ce3bec32452faeeb007',1,'ROLE_COMMONUSER','1234565@qq.com','13700000005','mary3',0,'2012-12-12 12:23:32');
insert into site_user(id,name,password,enabled,site_authority,email,phone,real_name,sex,create_time) values(15,'pjf123','ebcd0c0a2fead5ce94ac2100d90bc04bc04596554a976ce3bec32452faeeb007',1,'ROLE_COMMONUSER','1234566@qq.com','13700000006','mary3',0,'2012-12-12 12:23:32');

-- test user admin
insert into site_user(id,name,password,enabled,site_authority,email,phone,real_name,sex,create_time) values(5,'admin1','6b86b273ff34fce19d6b804eff5a3f5747ada4eaa22f1d49c01e52ddb7875b4b',1,'ROLE_ADMIN','1234567@qq.com','13700000008','admin',1,'2012-12-12 12:23:32');
insert into site_user(id,name,password,enabled,site_authority,email,phone,real_name,sex,create_time) values(20,'admin2','6b86b273ff34fce19d6b804eff5a3f5747ada4eaa22f1d49c01e52ddb7875b4b',1,'ROLE_ADMIN','1234567@qq.com','13700000009','admin',1,'2012-12-12 12:23:32');

-- test industry_info
insert into industry_info(id,name,industry_type) values(1,'生物科学','p');
insert into industry_info(id,name,industry_type) values(2,'药品采集','p');
insert into industry_info(id,name,industry_type) values(3,'学校','u');
insert into industry_info(id,name,industry_type) values(4,'科学研究所','u');
insert into industry_info(id,name,industry_type) values(5,'实验室','u');
insert into industry_info(id,name,industry_type) values(6,'医院','u');

-- test common user
insert into common_user(id,company,department,company_phone,fax,address,code,province_id,city_id,info_id,position) 
values(3,'上海恒企信息','生物研究部','010-12345678','010-12345678','万航渡路2171号','317500',1,3,3,'boss');
insert into common_user(id,company,department,company_phone,fax,address,code,province_id,city_id,info_id,position) 
values(4,'上海恒企信息','生物研究部','010-12345678','010-12345678','万航渡路2170号','317500',2,5,4,'boss');
insert into common_user(id,company,department,company_phone,fax,address,code,province_id,city_id,info_id,position) 
values(6,'上海恒企信息','生物研究部','010-12345678','010-12345678','万航渡路2170号','317500',2,5,5,'boss');
insert into common_user(id,company,department,company_phone,fax,address,code,province_id,city_id,info_id,position) 
values(15,'上海恒企信息','生物研究部','010-12345678','010-12345678','万航渡路2170号','317500',2,5,6,'boss');

-- test provider
insert into provider(id,company_name_china,company_name_english,legal_person,registered_capital,main_product,business_license_url,tax_registration_url,structure_code_url,position,provider_phone,fax,address,code,website,business_type,scale,output,industry_information,province_id,city_id,is_authenticated,compony_type,info_id,content) 
values(1,'上海恒企','hengqixinxi','bmw','两亿','人体强化药剂','/provider/1','/provider/1','/provider/1','boss','12345678901','010-12345678','外航渡路1234号','123456','www.qq.com',0,0,0,0,1,1,1,1,1,'111111111111111111111111111111111111111111111111111111');
insert into provider(id,company_name_china,company_name_english,legal_person,registered_capital,main_product,business_license_url,tax_registration_url,structure_code_url,position,provider_phone,fax,address,code,website,business_type,scale,output,industry_information,province_id,city_id,is_authenticated,compony_type,info_id,content)
values(2,'上海申捷','shenjie','bmw','两亿','人体强化药剂','/provider/2','/provider/2','/provider/2','boss','12345678901','010-12345678','外航渡路123发的4号','123456','www.qq.com',0,0,0,0,2,4,1,2,2,'22222222222222222222222222222222222222222222222222222222');
insert into provider(id,company_name_china,company_name_english,legal_person,registered_capital,main_product,business_license_url,tax_registration_url,structure_code_url,position,provider_phone,fax,address,code,website,business_type,scale,output,industry_information,province_id,city_id,is_authenticated,compony_type,info_id,content)
values(7,'上海申捷','shenjie','bmw','两亿','人体强化药剂','/provider/2','/provider/2','/provider/2','boss','12345678901','010-12345678','外航渡路123发的4号','123456','www.qq.com',0,0,0,0,2,4,1,2,2,'22222222222222222222222222222222222222222222222222222222');

-- test product
-- tom product
insert into product(id,name,cover_Img,price,url,first_category_id,second_category_id,third_category_id,created_by,content_id,model,place_of_production,specifications,brand_id,status,created_time,product_type) 
values(1,'人体超级强化药剂','http://139.196.30.55:8000/2015/9/witeg.jpg',10.0,'/product/1',1,31,32,1,1,'HD300',1,'10支',1,1,'2012-12-12 12:23:32','i');
insert into product(id,name,cover_Img,price,url,first_category_id,second_category_id,third_category_id,created_by,content_id,model,place_of_production,specifications,brand_id,status,created_time,product_type)
values(2,'product2','http://139.196.30.55:8000/2015/9/witeg.jpg',10.0,'/product/2',3,761,762,1,2,'HD302',1,'10支',1,1,'2012-12-12 12:23:32','c');
insert into product(id,name,cover_Img,price,url,first_category_id,second_category_id,third_category_id,created_by,content_id,model,place_of_production,specifications,brand_id,status,created_time,product_type)
values(3,'product3','http://139.196.30.55:8000/2015/9/witeg.jpg',10.0,'/product/3',1,31,32,1,3,'HD303',1,'10支',1,1,'2012-12-12 12:23:32','i');
insert into product(id,name,cover_Img,price,url,first_category_id,second_category_id,third_category_id,created_by,content_id,model,place_of_production,specifications,brand_id,status,created_time,product_type)
values(4,'product4','http://139.196.30.55:8000/2015/9/witeg.jpg',10.0,'/product/4',4,889,890,1,4,'HD303',1,'10支',1,1,'2012-12-12 12:23:32','s');

-- mary2 product
insert into product(id,name,cover_Img,price,url,first_category_id,second_category_id,third_category_id,created_by,content_id,model,place_of_production,specifications,brand_id,status,created_time,product_type)
values(5,'product5','http://139.196.30.55:8000/2015/9/witeg.jpg',10.0,'/product/1',1,31,32,2,5,'HD303',1,'10支',1,0,'2012-12-12 12:23:32','i');
insert into product(id,name,cover_Img,price,url,first_category_id,second_category_id,third_category_id,created_by,content_id,model,place_of_production,specifications,brand_id,status,created_time,product_type)
values(6,'product6','http://139.196.30.55:8000/2015/9/witeg.jpg',10.0,'/product/2',1,31,32,2,6,'HD303',1,'10支',1,1,'2012-12-12 12:23:32','i');
insert into product(id,name,cover_Img,price,url,first_category_id,second_category_id,third_category_id,created_by,content_id,model,place_of_production,specifications,brand_id,status,created_time,product_type)
values(7,'product7','http://139.196.30.55:8000/2015/9/witeg.jpg',10.0,'/product/3',1,31,32,2,7,'HD303',1,'10支',1,2,'2012-12-12 12:23:32','i');
insert into product(id,name,cover_Img,price,url,first_category_id,second_category_id,third_category_id,created_by,content_id,model,place_of_production,specifications,brand_id,status,created_time,product_type)
values(8,'product8','http://139.196.30.55:8000/2015/9/witeg.jpg',10.0,'/product/4',1,31,32,2,8,'HD303',1,'10支',1,3,'2012-12-12 12:23:32','i');

-- 商品展示数据
insert into product(id,name,cover_Img,price,url,first_category_id,second_category_id,third_category_id,created_by,content_id,model,place_of_production,specifications,brand_id,status,created_time,product_type)
values(9,'SuperSignal™ West Dura Extended Duration Substrate','/img/product/34075-SuperSignal-Dura-b.jpg',9999.99,'product/9',2,579,581,1,9,'34075',1,'100 mL',1,1,'2012-12-12 12:23:32','r');
insert into product(id,name,cover_Img,price,url,first_category_id,second_category_id,third_category_id,created_by,content_id,model,place_of_production,specifications,brand_id,status,created_time,product_type)
values(10,'SuperSignal™ West Dura Extended Duration Substrate','/img/product/34076-SuperSignal-Dura.jpg',9999.99,'product/9',2,579,581,1,10,'34076',1,'200 mL',1,1,'2012-12-12 12:23:32','r');
insert into product(id,name,cover_Img,price,url,first_category_id,second_category_id,third_category_id,created_by,content_id,model,place_of_production,specifications,brand_id,status,created_time,product_type)
values(11,'SuperSignal™ West Dura Extended Duration Substrate','/img/product/37071-SuperSignal-Dura.jpg',9999.99,'product/9',2,579,581,1,11,'37071',1,'20 mL',1,1,'2012-12-12 12:23:32','r');
insert into product(id,name,cover_Img,price,url,first_category_id,second_category_id,third_category_id,created_by,content_id,model,place_of_production,specifications,brand_id,status,created_time,product_type)
values(12,'SuperSignal™ West Pico Chemiluminescent Substrate','/img/product/34077-SuperSignal-Pico.jpg',9999.99,'product/9',2,579,581,1,12,'34077',1,'100 mL',1,1,'2012-12-12 12:23:32','r');
insert into product(id,name,cover_Img,price,url,first_category_id,second_category_id,third_category_id,created_by,content_id,model,place_of_production,specifications,brand_id,status,created_time,product_type)
values(13,'SuperSignal™ West Pico Chemiluminescent Substrate','/img/product/34079-SuperSignal-Pico.jpg',9999.99,'product/9',2,579,581,1,13,'34079',1,'50 mL',1,1,'2012-12-12 12:23:32','r');
insert into product(id,name,cover_Img,price,url,first_category_id,second_category_id,third_category_id,created_by,content_id,model,place_of_production,specifications,brand_id,status,created_time,product_type)
values(14,'SuperSignal™ West Pico Chemiluminescent Substrate','/img/product/34080-SuperSignal-Pico.jpg',9999.99,'product/9',2,579,581,1,14,'34080',1,'500 mL',1,1,'2012-12-12 12:23:32','r');
insert into product(id,name,cover_Img,price,url,first_category_id,second_category_id,third_category_id,created_by,content_id,model,place_of_production,specifications,brand_id,status,created_time,product_type)
values(15,'SuperSignal™ West Pico Chemiluminescent Substrate','/img/product/34087-SuperSignal-Pico.jpg',9999.99,'product/9',2,579,581,1,15,'34087',1,'200 mL',1,1,'2012-12-12 12:23:32','r');
insert into product(id,name,cover_Img,price,url,first_category_id,second_category_id,third_category_id,created_by,content_id,model,place_of_production,specifications,brand_id,status,created_time,product_type)
values(16,'1-Step™ Chloronaphthol Substrate Solution','/img/product/34012-CN-Solution.jpg',9999.99,'product/9',2,579,581,1,16,'34012',1,'250 mL',1,1,'2012-12-12 12:23:32','r');

-- test product_category
insert into prefer_products(user_id,product_id,created_time) values(3,1,'2012-1-1');
insert into prefer_products(user_id,product_id,created_time) values(15,1,'2013-1-1');
insert into prefer_products(user_id,product_id,created_time) values(15,2,'2014-1-1');
insert into prefer_products(user_id,product_id,created_time) values(4,2,'2015-1-1');

-- test subject 专题
insert into subject(id,name,show_on_index,activate,created_by,created_time,content_id,image,summary,category_id) values (1,'1234567890123456789012345678901234567890',1,1,'上海申捷卫生科技','2012-12-12 12:23:32',1,'/img/banner1.jpg','subject-subject',11);
insert into subject(id,name,show_on_index,activate,created_by,created_time,content_id,image,summary,category_id) values (2,'subject2',1,1,'上海申捷卫生科技','2012-12-12 12:23:32',1,'/img/banner1.jpg','subject-subject',11);
insert into subject(id,name,show_on_index,activate,created_by,created_time,content_id,image,summary,category_id) values (3,'subject3',1,1,'上海申捷卫生科技','2012-12-12 12:23:32',1,'/img/banner1.jpg','subject-subject',11);
insert into subject(id,name,show_on_index,activate,created_by,created_time,content_id,image,summary,category_id) values (4,'subject4',1,1,'上海申捷卫生科技','2012-12-12 12:23:32',1,'/img/banner1.jpg','subject-subject',11);
insert into subject(id,name,show_on_index,activate,created_by,created_time,content_id,image,summary,category_id) values (5,'subject5',1,1,'上海申捷卫生科技','2012-12-12 12:23:32',1,'/img/banner1.jpg','subject-subject',12);
insert into subject(id,name,show_on_index,activate,created_by,created_time,content_id,image,summary,category_id) values (6,'subject6',1,1,'上海申捷卫生科技','2012-12-12 12:23:32',1,'/img/banner1.jpg','subject-subject',12);
insert into subject(id,name,show_on_index,activate,created_by,created_time,content_id,image,summary,category_id) values (7,'subject7',1,1,'上海申捷卫生科技','2012-12-12 12:23:32',1,'/img/banner1.jpg','subject-subject',12);
insert into subject(id,name,show_on_index,activate,created_by,created_time,content_id,image,summary,category_id) values (8,'subject8',1,1,'上海申捷卫生科技','2012-12-12 12:23:32',1,'/img/banner1.jpg','subject-subject',12);
insert into subject(id,name,show_on_index,activate,created_by,created_time,content_id,image,summary,category_id) values (9,'subject9',0,1,'上海申捷卫生科技','2012-12-12 12:23:32',1,'/img/banner1.jpg','subject-subject',12);
insert into subject(id,name,show_on_index,activate,created_by,created_time,content_id,image,summary,category_id) values (10,'subject10',0,1,'上海申捷卫生科技','2012-12-12 12:23:32',1,'/img/banner1.jpg','subject-subject',12);

insert into solution(id,name,subject_id,active) values(1,'solution1',1,1);
insert into solution(id,name,subject_id,active) values(2,'solution2',1,1);
insert into solution(id,name,subject_id,active) values(3,'solution3',1,1);
insert into solution(id,name,subject_id,active) values(4,'solution4',2,0);
insert into solution(id,name,subject_id,active) values(5,'solution5',2,0);
insert into solution(id,name,subject_id,active) values(6,'solution6',2,0);

insert into solution_product(solution_id,product_id) values(1,1);
insert into solution_product(solution_id,product_id) values(1,2);
insert into solution_product(solution_id,product_id) values(2,1);
insert into solution_product(solution_id,product_id) values(2,3);
insert into solution_product(solution_id,product_id) values(2,4);

-- test reviews
insert into review(id,content,product_id,user_id,created_time) values(1,'haha,very 12345678901234567890123456789012345678901234567890123456789012345678901234567890good user1',1,3,'2015-08-15');
insert into review(id,content,product_id,user_id,created_time) values(2,'haha,very good user2',1,3,'2012-09-28');
insert into review(id,content,product_id,user_id,created_time) values(3,'haha,very good user3',1,3,'2012-09-28');

-- test scrollImage
insert into scroll_image(id,image_url,sort_number,scroll_type,href,state) values(1,'/img/banner1.jpg',1,0,'www.baiduc.com',1);
insert into scroll_image(id,image_url,sort_number,scroll_type,href,state) values(2,'/img/banner2.jpg',1,0,'www.baiduc.com',1);
insert into scroll_image(id,image_url,sort_number,scroll_type,href,state) values(3,'/img/banner1.jpg',1,0,'www.baiduc.com',1);
insert into scroll_image(id,image_url,sort_number,scroll_type,href,state) values(4,'/img/banner2.jpg',1,0,'www.baiduc.com',1);
insert into scroll_image(id,image_url,sort_number,scroll_type,href,state) values(5,'/img/banner1.jpg',1,0,'www.baiduc.com',0);

-- test information_content
insert into information_content(id,content) values (1,'我国首个通过透皮贴剂技术治疗尿频尿急的“奥昔布宁透皮贴 剂临床总结会”在南京市中山科技园隆重召开。我国首个通过透皮贴剂技术治疗尿频尿急的“奥昔布宁透皮贴 剂临床总结会”在南京市中山科技园隆重召开。昔布宁透皮贴 剂临床总结会”在南京市中山科技园隆重召开。我国首个通过透皮贴剂技术治疗尿频尿急的“奥昔布宁透皮贴 剂临床总结会”在南京市中山科技园隆重召开。。我国首个通过透皮贴剂技术治疗尿频尿急的“奥昔布宁透皮贴 剂临床总结会”在南京。我国首个通过透皮贴剂技术治疗尿频尿急的“奥昔布宁透皮贴 剂临床总结会”在南京');
insert into information_content(id,content) values (2,'<p>输血作为临床上常用的替代性治疗手段，起到了补充血容量、改善循环、增强免疫力和凝血功能等诸多神奇作用。但输血过多会使机体出现各种酸碱平衡紊乱，甚至多器官脏器功能衰竭，输血不足又不能起到预期的治疗效果。<br /> 那么如何输血才能把血用到刀刃上呢？<br /> <br /> <strong>血制品的种类</strong><br /> 种类丰富的血制品，临床上常用的主要包括血细胞、血浆和血浆蛋白成分制品。<br /> <br /> <strong>红细胞制品</strong><br /> 临床中常用到的有浓缩红细胞、悬浮红细胞、洗涤红细胞、冰冻红细胞、去白红细胞。<br /> <strong>1. 浓缩红细胞：</strong>将全血中的大部分血浆，在全封闭的条件下分离出后，剩余的部分所制成的血细胞成分血。适用于各种急性失血，慢性贫血及心功能不全者。<br /> <strong>2. 悬浮红细胞：</strong>全血经离心移去大部分血浆后，加入红细胞保存液制备而成。主要用于外伤手术普通失血或急性失血，是老年患者、儿童及孕妇贫血首选红细胞制品。<br /> <strong>3. 洗涤红细胞：</strong>全血经离心后去除大部分血浆、白细胞、血小板及代谢产物，保留 70% 以上红细胞制成。适用于对白细胞凝集素有发热反应和（或）肾功能不全和（或）不能耐受库存血中高钾的患者。<br /> <strong>4. 去白红细胞：</strong>将白细胞从血液中分离出来，保留的血液成分制成的血制品。可减少由白细胞引起的不良反应及 HLA 抗原的同种免疫反应。适用于多次输血产生白细胞抗体者和预期需长期或反复输血者<br /> <strong>5. 冰冻红细胞：</strong>主要适用于对稀有血型（Rh 阴性）红细胞的保存。</p> <p><strong>血小板制品</strong><br /> 包括机采血小板、浓缩血小板、冻存血小板等。适用于：<br /> （1）不同原因的血小板减少伴有严重的出血者；<br /> （2）血小板功能异常引起的出血患者；<br /> （3）急性特发性血小板减少性紫癜；<br /> （4）大量输血导致的稀释性血小板减少的患者。<br /> 需要注意的是，血小板减少或血小板功能障碍，而无严重出血的患者不需要做预防性血小板输注。且白细胞制剂，由于输注后并发症多，现已很少应用。</p> <p><strong>血浆成分制品</strong><br /> 1. 新鲜冰冻血浆（FFP）&amp; 冰冻血浆（FP）：适用于凝血因子缺乏症、肝胆疾病引起的凝血功能障碍、大量输库存血后有出血倾向的患者。需要注意的是，普通冰冻血浆不含凝血因子 Ⅴ 和 Ⅷ，新鲜冰冻血浆含全部因子，保存时间也较长。<br /> 2. 冷沉淀：适用于纤维蛋白缺乏症、血友病等，及配合红细胞制品用于急性失血的患者。<br /> <br /> <strong>血浆蛋白成分制品</strong><br /> 1. 白蛋白制品：适用于治疗营养不良性水肿、肝硬化或其它原因所致的低蛋白血症的患者。<br /> 2. 浓缩凝血因子：主要适用于治疗血友病及各种凝血因子缺乏症。<br /> <br /> <strong>输血实用教程</strong><br /> 一般来说，临床之中较为复杂的往往是需要大量输血的患者。即 24 h 内输注的浓缩红细胞（PRBC）&ge; 10 U 或输血超过其总血容量的患者。<br /> <br /> <strong>输什么&mdash;&mdash;全血 or 成分血</strong><br /> 输血时必须针对患者的具体情况，选择适当的输血方式。<br /> 1. 大面积烧伤<br /> 烧伤患者输血，最好输入血浆，因患者丢失的主要是血浆，如果输入全血，可能使体内红细胞浓度过高，增加血液的黏滞性而影响血液循环。<br /> <br /> 2. 严重贫血<br /> 严重贫血的患者输血，最好输入浓缩的红细胞悬液，因患者主要是红细胞数量过少或血红蛋白浓度过低，但总血量并不减少。<br /> <br /> 3. 出血性疾病<br /> 某些出血性疾病的患者需要输入浓缩的血小板悬液或含凝血物质的血浆，以增强血小板聚集和血液凝固的能力，促进止血。成分输血可以提高血液的利用率和疗效，而且因为不输入患者不需要的成分，所以不会增加心脏的负担。而保存时间较长的全血中不含血小板，仅含少量不稳定凝血因子，达不到补充血小板及凝血因子的作用，且易传播疾病。<br /> 综上所述，近年来输全血的患者逐渐减少，也不推荐大量输血的患者常规输注全血。<br /> <br /> <strong>各类制品怎么输？</strong><br /> 1. 浓缩红细胞<br /> 对于手术或严重创伤的患者，血红蛋白＜70 g/L，应考虑输注浓缩红细胞。低血容量患者可配晶体液或胶体液应用。<br /> 2. 冰冻血浆<br /> 输注红细胞悬液 3-5 U 后，应及时使用冰冻血浆（FFP），足量的冰冻血浆可纠正纤维蛋白原和多种凝血因子不足，推荐输注量为（10-15）mL/kg。<br /> 在 24-72 h 内血浆量不宜超过红细胞输注量，推荐红细胞：冰冻血浆输注比例为 1：1。<br /> 3. 血小板<br /> 需要注意的是大量输血的患者并非人人都要输血小板。<br /> 急性出血患者血小板需高于 50&times;109/L。而大量出血患者补液量为血容量的 1.5-2 倍时需要补充 1-2 个治疗量血小板。当患者伴有活动性出血，止血无效时，输注血小板的阈值应提升至 75&times;109/L。需要注意的是，早期预防性输注血小板还能减少其它血制品用量，避免循环超负荷。<br /> 4. 冷沉淀<br /> 当纤维蛋白原含量＜1 g/L，应考虑输注冷沉淀，以提供较高浓度的纤维蛋白原及少量凝血因子。当患者发生 DIC 且 FIB＜80 mg/d 时，推荐冷沉淀剂量 0.2 U/kg，目标是将纤维蛋白原含量提升至 1 g/L 以上。要注意的是，同时输红细胞、血小板、血浆时，虽然推荐红细胞：FFP 输注比例为 1：1，但三者之间无固定的比例关系。血小板的输注量也是根据患者的临床表现、PLT 数值来决定的，而不受红细胞和 FFP 的影响。<br /> 此外，连续输注红细胞悬液超过 15-18 U 时，应立即检测血常规、凝血功能，血气分析，每隔 1-2 h 复查 1 次<br /> <br /> <strong>ICU 重症贫血患者输血须知</strong><br /> 1. 重症患者输血阈值为 Hb &le; 70 g/L，输血目标为 Hb（70-90）g/L。<br /> 2. 严重脓毒症早期复苏阶段，具有明确氧供不足证据时，宜考虑输注红细胞以达到 Hb（90-100）g/L<br /> 3. 严重脓毒症晚期，宜遵循严谨输血原则，目标为 Hb（70-90）g/L。</p>');

-- test Information 资讯
insert into Information(id,created_time,category_id,title,content_id,create_by,updated_time,activate,summary) values (1,'2012-1-1',7,'f12345678901234567890123456789012345678901234567890irst',1,'shenjie','2013-1-1',1,'f12345678901234567890123456789012345678901234567890irst');
insert into Information(id,created_time,category_id,title,content_id,create_by,updated_time,activate,summary) values (2,'2012-1-12',7,'f12345678901234567890123456789012345678901234567890irst',2,'shenjie','2013-1-1',1,'f12345678901234567890123456789012345678901234567890irst');
insert into Information(id,created_time,category_id,title,content_id,create_by,updated_time,activate,summary) values (3,'2012-1-1',7,'f12345678901234567890123456789012345678901234567890irst',1,'shenjie','2013-1-1',1,'f12345678901234567890123456789012345678901234567890irst');
insert into Information(id,created_time,category_id,title,content_id,create_by,updated_time,activate,summary) values (4,'2012-1-12',8,'f12345678901234567890123456789012345678901234567890irst',2,'shenjie','2013-1-1',1,'f12345678901234567890123456789012345678901234567890irst');
insert into Information(id,created_time,category_id,title,content_id,create_by,updated_time,activate,summary) values (5,'2012-1-12',8,'f12345678901234567890123456789012345678901234567890irst',2,'shenjie','2013-1-1',1,'f12345678901234567890123456789012345678901234567890irst');
insert into Information(id,created_time,category_id,title,content_id,create_by,updated_time,activate,summary) values (6,'2012-1-12',8,'f12345678901234567890123456789012345678901234567890irst',2,'shenjie','2013-1-1',1,'f12345678901234567890123456789012345678901234567890irst');
insert into Information(id,created_time,category_id,title,content_id,create_by,updated_time,activate,summary) values (7,'2012-1-12',9,'f12345678901234567890123456789012345678901234567890irst',2,'shenjie','2013-1-1',0,'f12345678901234567890123456789012345678901234567890irst');
insert into Information(id,created_time,category_id,title,content_id,create_by,updated_time,activate,summary) values (8,'2012-1-12',9,'f12345678901234567890123456789012345678901234567890irst',2,'shenjie','2013-1-1',0,'f12345678901234567890123456789012345678901234567890irst');
insert into Information(id,created_time,category_id,title,content_id,create_by,updated_time,activate,summary) values (9,'2012-1-12',9,'f12345678901234567890123456789012345678901234567890irst',2,'shenjie','2013-1-1',0,'f12345678901234567890123456789012345678901234567890irst');

insert into advertisement(id,cover_img,created_time,category_id,url,activate) values (1,'/upload/img/scroll1.jpg','2012-1-1',20,'www.baidu.com',1);
insert into advertisement(id,cover_img,created_time,category_id,url,activate) values (2,'/upload/img/scroll1.jpg','2012-1-2',20,'www.baidu.com',1);
insert into advertisement(id,cover_img,created_time,category_id,url,activate) values (3,'/upload/img/scroll1.jpg','2012-1-3',20,'www.baidu.com',1);
insert into advertisement(id,cover_img,created_time,category_id,url,activate) values (4,'/upload/img/scroll1.jpg','2012-1-4',20,'www.baidu.com',0);
insert into advertisement(id,cover_img,created_time,category_id,url,activate) values (5,'/upload/img/scroll1.jpg','2012-1-5',20,'www.baidu.com',0);

-- test buy_record
insert into buy_record(id,name,user_id,fund_category,reason,create_time,arrival_time,price,no_id)values(1,'test1',15,'test category','test reason','2015-06-06','2015-06-08',400,'20150820001');
insert into buy_record(id,name,user_id,fund_category,reason,create_time,arrival_time,price,no_id)values(2,'test2',15,'test category','test reason','2015-06-06','2015-06-08',100,'20150820002');

-- test buy_product
insert into buy_product(id,buy_id,product_id,number)values(1,1,1,10);
insert into buy_product(id,buy_id,product_id,number)values(2,2,1,10);
insert into buy_product(id,buy_id,product_id,number)values(3,1,2,10);
insert into buy_product(id,buy_id,product_id,number)values(4,1,3,10);
insert into buy_product(id,buy_id,product_id,number)values(5,1,4,10);

insert into site_menu(id,name,href) values(1,'个人用户','commonUser');
insert into site_menu(id,name,href) values(2,'企业用户','provider');
insert into site_menu(id,name,href) values(3,'品牌管理','brand');
insert into site_menu(id,name,href) values(4,'商品分类管理','category');
insert into site_menu(id,name,href) values(5,'商品管理','products');
insert into site_menu(id,name,href) values(6,'广告发布','advertise');
insert into site_menu(id,name,href) values(7,'资讯发布','info');
insert into site_menu(id,name,href) values(8,'解决方案','subject');
insert into site_menu(id,name,href) values(9,'滚动图片','scrollImg');
insert into site_menu(id,name,href) values(10,'用户管理','user');
insert into site_menu(id,name,href) values(11,'权限管理','authority');
insert into site_menu(id,name,href) values(12,'密码管理','password');
insert into site_menu(id,name,href) values(13,'商品展示','display');

insert into site_role(id,role_name,active) values(1,'superAdmin',1);
insert into site_role(id,role_name,active) values(2,'subadmin',1);
insert into site_role(id,role_name,active) values(4,'childadmin',0);

insert into role_menu(role_id,menu_id) values(1,1);
insert into role_menu(role_id,menu_id) values(1,2);
insert into role_menu(role_id,menu_id) values(1,3);
insert into role_menu(role_id,menu_id) values(1,4);
insert into role_menu(role_id,menu_id) values(1,5);
insert into role_menu(role_id,menu_id) values(1,6);
insert into role_menu(role_id,menu_id) values(1,7);
insert into role_menu(role_id,menu_id) values(1,8);
insert into role_menu(role_id,menu_id) values(1,9);
insert into role_menu(role_id,menu_id) values(1,10);
insert into role_menu(role_id,menu_id) values(1,11);
insert into role_menu(role_id,menu_id) values(1,12);
insert into role_menu(role_id,menu_id) values(1,13);

insert into role_menu(role_id,menu_id) values(2,1);
insert into role_menu(role_id,menu_id) values(2,2);
insert into role_menu(role_id,menu_id) values(2,7);

insert into user_role(user_id,role_id) values(5,1);
insert into user_role(user_id,role_id) values(20,2);

insert into product_display(id,product_id,state,created_time)values(1,9,1,'2015-10-29');
insert into product_display(id,product_id,state,created_time)values(2,10,1,'2015-10-29');
insert into product_display(id,product_id,state,created_time)values(3,11,1,'2015-10-29');
insert into product_display(id,product_id,state,created_time)values(4,12,1,'2015-10-29');
insert into product_display(id,product_id,state,created_time)values(5,13,1,'2015-10-29');
insert into product_display(id,product_id,state,created_time)values(6,14,1,'2015-10-29');
insert into product_display(id,product_id,state,created_time)values(7,15,1,'2015-10-29');
insert into product_display(id,product_id,state,created_time)values(8,16,1,'2015-10-29');
